case_name,country,province,location,infrastructure_type,supply_chain_role,link_to_eu,main_impacts,conflict_category,affected_groups,main_actors,status_standardized,evidence_quality,relevance_to_core_argument,article_use_recommendation,us_coast_bucket,lng_specificity,raw_link,notes
"Coral North FLNG, Mozambique",Mozambique,Cabo Delgado,Offshore,FLNG,Export / extraction,Broader LNG / environmental justice context,"Air pollution; Fires; Global warming; Noise pollution; Oil spills; Reduced ecological / hydrological connectivity; Biodiversity loss (wildlife, agro-diversity); Surface water pollution / Decreasing water (physico-chemical, biological) quality; Mental problems including stress, depression and suicide; Accidents; Violence related health impacts (homicides, rape, etc..) ; Deaths; Displacement | Lack of work security, labour absenteeism, firings, unemployment | Loss of livelihood | Loss of traditional knowledge/practices/cultures | Specific impacts on women | Violations of human rights | Loss of landscape/sense of place | Increase in Corruption/Co-optation of different actors | Increase in violence and crime | Militarization and increased police presence",Water / pollution,Fishing and coastal communities; Workers; Local residents; Farmers; Women,ENI; ExxonMobil Corporation; China National Petroleum Corporation; Korea Gas Corporation (Kogas); Africa Development Bank; Intesa San Paolo; ABN Amro Bank; Credit Agricole; BNP Paribas; Societe Generale; The government of Mozambique: https://embassymozambique.se/en/mozambique/ |,Planned,medium,contextual,Broader context only,,Direct LNG case,https://ejatlas.org/conflict/coral-north-flng-mozambique,No additional coding note.
"Andes LNG, Chile",Chile,Region Atacama,"Bahia Chasco, near Caleta Punta de Choros",Pipeline,Transit,Broader LNG / environmental justice context,"Biodiversity loss (wildlife, agro-diversity); Loss of landscape/aesthetic degradation; Oil spills; Exposure to unknown or uncertain complex risks (radiation, etc…); Other environmental related diseases; Accidents; Mental problems including stress, depression and suicide; Loss of livelihood | Loss of landscape/sense of place",Water / pollution,Indigenous communities; Fishing and coastal communities; Local residents,Mitsui & Co Ltd; Royal Dutch Shell; Wärtsilä ; The Comité de Ministros of the SEIA (sistema evaluacion impacto ambiental) |,Cancelled / suspended,strong,contextual,Broader context only,,Direct LNG case,https://ejatlas.org/conflict/andes-lng,No additional coding note.
"Groningen Gas, Netherlands",Netherlands,Groningen,Groningen,Extraction / gas field,Broader gas / LNG context,Broader LNG / environmental justice context,"Loss of landscape/aesthetic degradation; Large-scale disturbance of hydro and geological systems; Global warming; Other Environmental impacts; Deaths; Accidents; Mental problems including stress, depression and suicide; Exposure to unknown or uncertain complex risks (radiation, etc…); Loss of landscape/sense of place | Loss of livelihood | Violations of human rights | Other socio-economic impacts | Displacement | Huge loss in property value, economic loss,",Health / air pollution,Indigenous communities; Local residents; Farmers,Energie Beheer Nederland; Royal Dutch Shell; ExxonMobil Corporation; Ministerie van Economische Zaken (https://www.rijksoverheid.nl/onderwerpen/aardbevingen-in-groningen) Staatstoezicht op de Mijnen ( https://www.sodm.nl/onderwerpen/aardbevingen-groningen ) |,Cancelled / suspended,medium,contextual,Broader context only,,Broader gas case with LNG linkage,https://ejatlas.org/conflict/groningen-gas,No additional coding note.
"Protests in Huelva against the use of liquefied gas, Spain",Spain,Andalusia,Huelva,LNG terminal,Import / regasification,Direct EU supply / importing infrastructure,"Biodiversity loss (wildlife, agro-diversity); Surface water pollution / Decreasing water (physico-chemical, biological) quality; Noise pollution; Air pollution; Global warming; Loss of landscape/aesthetic degradation; Soil contamination; Waste overflow; Accidents; Loss of landscape/sense of place",Health / air pollution,Local residents,Enagas; Municipality of Huelva https://www.huelva.es/portal/ Port Authority of Huelva https://www.puertohuelva.com/ Government of Spain (energy policies) |,Operating,strong,core,Keep in core article,,Direct LNG case,https://ejatlas.org/conflict/protestas-en-huelva-contra-el-uso-del-gas-licuado-stop-al-lavado-verde-espana,No additional coding note.
"Resistance against the Permian Highway Pipeline, Texas, USA",United States,Central Texas,Not specified clearly in live EJAtlas metadata.,Pipeline,Transit,Broader LNG / environmental justice context,"Loss of landscape/aesthetic degradation; Noise pollution; Soil contamination; Surface water pollution / Decreasing water (physico-chemical, biological) quality; Groundwater pollution or depletion; Global warming; Exposure to unknown or uncertain complex risks (radiation, etc…); Accidents; Displacement | Land dispossession | Violations of human rights | Loss of landscape/sense of place",Water / pollution,Indigenous communities; Local residents; Farmers,Kinder Morgan ; Mitsubishi UFJ Financial Group; CoBank; Commonwealth Bank of Australia; Credit Agricole; Intesa San Paolo; Korea Development Bank; Mizuho Bank; Sumitomo Mitsui Banking Corporation.; Societe Generale; Kookmin Bank; Texas Railroad Commission: https://www.rrc.texas.gov/ City of Austin: https://www.austintexas.gov/ City of Kyle: https://www.cityofkyle.gov/city-hall/mayor-and-council/ City of San Marcos: https://www.sanmarcostx.gov/ Texas Legislature: https://capitol.texas.gov/ Hays County: https://www.hayscountytx.gov/ Army Corps of Engineers Texas Railroad Commission https://www.rrc.texas.gov/ |,Operating,medium,contextual,Broader context only,Gulf Coast,Broader gas case with LNG linkage,https://ejatlas.org/conflict/resistance-against-the-permian-highway-pipeline,No additional coding note.
"Bratislava LNG terminal cancellation, Slovakia",Slovakia,Bratislava Region,Bratislava,LNG terminal,Import / regasification,Direct EU supply / importing infrastructure,"Noise pollution; Groundwater pollution or depletion; Air pollution; Fires; Global warming; Loss of landscape/aesthetic degradation; Surface water pollution / Decreasing water (physico-chemical, biological) quality; Biodiversity loss (wildlife, agro-diversity); Accidents",Water / pollution,Local residents,Verejné Prístavy; Ministry of Transport https://www.mindop.sk/en/ Mayor of the City District City Hall https://bratislava.sk/en/city-of-bratislava/city-administration/city-hall Ministry of Environment https://www.minzp.sk/en/about-us/ |,Cancelled / suspended,strong,core,Keep in core article,,Direct LNG case,https://ejatlas.org/conflict/civil-society-resistance-and-the-cancellation-of-the-bratislava-lng-terminal-in-slovakia,No additional coding note.
"Washington Park and South Providence Residents Oppose Allens Avenue Waste Transfer Station, RI, USA",United States,Rhode Island,Providence,Liquefaction / export facility,Export / extraction,Indirect EU supply chain / export-side context,"Air pollution; Fires; Noise pollution; Soil contamination; Other Environmental impacts; Loss of landscape/aesthetic degradation; Waste overflow; Surface water pollution / Decreasing water (physico-chemical, biological) quality; Other Health impacts; Loss of landscape/sense of place",Health / air pollution,Local residents,Allens Providence Recycling LLC,Cancelled / suspended,strong,core-provisional,Keep in core article with scope note,East Coast,Broader gas case with LNG linkage,https://ejatlas.org/conflict/washington-park-and-south-providence-residents-oppose-allens-avenue-waste-transfer-station,No additional coding note.
"Koa-Gas movement against gas drilling, Bavaria, Germany",Germany,Bavaria,Municipality of Landsberg,Extraction / gas field,Broader gas / LNG context,Broader LNG / environmental justice context,"Global warming; Loss of landscape/aesthetic degradation; Noise pollution; Soil contamination; Groundwater pollution or depletion; Other Environmental impacts; Air pollution; Biodiversity loss (wildlife, agro-diversity); Accidents; Loss of livelihood | Loss of landscape/sense of place",Water / pollution,Local residents,MCF Energy Ltd.; Genexco GmbH; Mineralöl-Rohstoff-Handel GmbH; Energieprojekt Lech Kinsau 1 GmbH; UOS Drilling S.A.; RED Drilling & Services GmbH; Bergamt Südbayern; - Hubert Aiwanger (Freie Wähler): Minister of Finance in Bavaria - Markus Söder (CSU): Minister President in Bavaria - BMWK: Growth initiative of the federal government in Germany - Bergamt Südbayern |,Planned,strong,contextual,Broader context only,,Broader gas case with LNG linkage,https://ejatlas.org/conflict/gas-extraction-kinsau-1-reichling,No additional coding note.
"No LNG in PVD Opposes National Grid Liquefaction Project, RI, US",United States,Rhode Island,Providence,Liquefaction / export facility,Export / extraction,Indirect EU supply chain / export-side context,Fires; Oil spills; Soil erosion; Air pollution; Global warming; Soil contamination; Accidents; Other Health impacts; Increase in Corruption/Co-optation of different actors | Loss of landscape/sense of place | Other socio-economic impacts | Increased utility shut offs due to rise in electricity prices to pay for the project,Water / pollution,Indigenous communities; Local residents; Women,"National Grid ; Rhode Island Department of Environmental Management, Rhode Island Coastal Resources Management Council, Federal Energy and Regulatory Commission (FERC) |",Operating,strong,core-provisional,Keep in core article with scope note,East Coast,Direct LNG case,https://ejatlas.org/conflict/no-lng-in-pvd-opposed-national-grid-liquefaction-project,No additional coding note.
"Balama graphite mine in Cabo Delgado, Mozambique",Mozambique,Cabo Delgado,near Montepuez,Port / logistics hub,Export / extraction,Broader LNG / environmental justice context,"Loss of landscape/aesthetic degradation; Waste overflow; Surface water pollution / Decreasing water (physico-chemical, biological) quality; Groundwater pollution or depletion; Biodiversity loss (wildlife, agro-diversity); Food insecurity (crop damage); Deforestation and loss of vegetation cover; Mine tailing spills; Exposure to unknown or uncertain complex risks (radiation, etc…); Occupational disease and accidents; Violations of human rights | Loss of landscape/sense of place | Specific impacts on women | Loss of traditional knowledge/practices/cultures | Lack of work security, labour absenteeism, firings, unemployment | Loss of livelihood | Land dispossession | Displacement | Militarization and increased police presence",Coastal / marine,Indigenous communities; Workers; Local residents; Farmers,"Syrah Resources; U.S. International Development Finance Corporation; Government of Mozambique RUIR (rapid intervention force, police) |",Operating,medium,contextual,Broader context only,,Broader gas case with LNG linkage,https://ejatlas.org/conflict/balama-graphite-mine,No additional coding note.
"Jordan Cove LNG and connector pipeline cancelled in Oregon, USA",United States,Oregon,Not specified clearly in live EJAtlas metadata.,Pipeline,Transit,Broader LNG / environmental justice context,"Biodiversity loss (wildlife, agro-diversity); Fires; Global warming; Loss of landscape/aesthetic degradation; Noise pollution; Deforestation and loss of vegetation cover; Air pollution; Violence related health impacts (homicides, rape, etc..) ; Lack of work security, labour absenteeism, firings, unemployment | Specific impacts on women | Violations of human rights | Land dispossession | Loss of landscape/sense of place | Loss of traditional knowledge/practices/cultures",Water / pollution,Indigenous communities; Fishing and coastal communities; Local residents; Farmers; Women,Pembina; Federal Energy Regulatory Commission https://www.ferc.gov/ |,Cancelled / suspended,medium,contextual,Broader context only,West Coast,Direct LNG case,https://ejatlas.org/conflict/connector-pipeline-and-terminal-cancelled-in-oregon-usa,No additional coding note.
"San Carlos Power Station, The Philippines",Philippines,Negros Occidental,San Carlos,LNG terminal,Import / export terminal,Broader LNG / environmental justice context,"Air pollution; Biodiversity loss (wildlife, agro-diversity); Global warming; Loss of landscape/aesthetic degradation; Accidents; Loss of landscape/sense of place | Increase in Corruption/Co-optation of different actors",Health / air pollution,Fishing and coastal communities; Workers; Local residents,San Miguel Corporation; Department of Energy Governor of Negros Occidental |,Cancelled / suspended,strong,contextual,Broader context only,,Direct LNG case,https://ejatlas.org/conflict/san-carlos-power-station,No additional coding note.
"Coal power plant to be built by Jiuquan Iron & Steel for alumina production at Nain, St Elizabeth , Jamaica",Jamaica,Not specified clearly in live EJAtlas metadata.,St Elizabeth,Port / logistics hub,Broader gas / LNG context,Broader LNG / environmental justice context,Insufficient information in live EJAtlas metadata to identify comparable impacts.,Health / air pollution,Local residents,Jiuquan Iron & Steel Company Limited (JISCO); Alpart. Alumina Partners of Jamaica; Development Bank of China,Cancelled / suspended,medium,contextual,Broader context only,,Broader gas case with LNG linkage,https://ejatlas.org/conflict/coal-fired-plant-to-be-built-by-chinese-company-jiuquan-iron-steel-at-nain-st-elizabeth-jamaica,No additional coding note.
"Floating Storage and Regasification Unit in the port of Piombino, Italy",Italy,"Livorno, Tuscany",Piombino,FSRU,Import / regasification,Direct EU supply / importing infrastructure,"Biodiversity loss (wildlife, agro-diversity); Loss of landscape/aesthetic degradation; Soil contamination; Surface water pollution / Decreasing water (physico-chemical, biological) quality; Large-scale disturbance of hydro and geological systems; Global warming; Accidents; Loss of landscape/sense of place | Lack of work security, labour absenteeism, firings, unemployment",Health / air pollution,Fishing and coastal communities; Workers; Local residents,"Snam Spa ; KN Energies; Italian Government – overarching authority behind the decision to host the FSRU. Ministry for Ecological Transition – led at the time by Roberto Cingolani, responsible for announcing and promoting the project. Chamber of Deputies’ Foreign Affairs Committee – received the official announcement from the Minister. SNAM – part state-owned company entrusted with management of FSRUs, including acquisition and operation of the Italis LNG vessel. Regional Government of Tuscany – headed by Eugenio Giani as President; he was appointed Special Commissioner for the FSRU project. Municipal authorities of Piombino – submitted observations and appeals, engaged in consultations. Regional Administrative Courts (Tribunale Amministrativo Regionale, TAR) – received and adjudicated appeals against the project. ARERA (Autorità di Regolazione per Energia Reti e Ambiente) – national energy regulator, involved in assessing the relocation of the FSRU. |",Operating,strong,core,Keep in core article,,Direct LNG case,https://ejatlas.org/conflict/floating-storage-and-regasification-unit-in-the-port-of-piombino,No additional coding note.
"Wind power electrification of the Muolkkut (Melkøya) LNG plant, Sapmi (Norway)",Norway,"Hammerfest, Troms",Melkøya,Pipeline,Transit,Indirect EU supply / contextual processor,Loss of landscape/aesthetic degradation; Other Environmental impacts; Loss of landscape/sense of place | Loss of traditional knowledge/practices/cultures | Land dispossession,Indigenous rights / land,Indigenous communities; Fishing and coastal communities; Local residents,Prime Minister Jonas Gahr Støre The Norwegian Ministry of Energy |,Planned,strong,contextual,Broader context only,,Direct LNG case,https://ejatlas.org/conflict/electrification-of-the-melkoya-lng-plant-sapmi-norway,No additional coding note.
"Port Qasim, LNG Terminal Expansion, Pakistan",Pakistan,Not specified clearly in live EJAtlas metadata.,Not specified clearly in live EJAtlas metadata.,LNG terminal,Import / export terminal,Broader LNG / environmental justice context,"Floods (river, coastal, mudflow); Global warming; Noise pollution; Waste overflow; Oil spills; Air pollution; Desertification/Drought; Deforestation and loss of vegetation cover; Biodiversity loss (wildlife, agro-diversity); Loss of traditional knowledge/practices/cultures",Water / pollution,Indigenous communities; Fishing and coastal communities; Local residents; Women,Mitsubishi Corporation; Energas Terminal Pvt Ltd; Lucky Trading Co; Sapphire Group; Halmore Powe; Port Qasim Authority |,Planned,strong,contextual,Contextual case,,Direct LNG case,https://ejatlas.org/conflict/port-qasim-lng-terminal-expansion-pakistan,No additional coding note.
"Aqaba Port and Arab Gas Pipeline, Jordan",Jordan,Not specified clearly in live EJAtlas metadata.,Aqaba,Pipeline,Transit,Broader LNG / environmental justice context,"Air pollution; Biodiversity loss (wildlife, agro-diversity); Food insecurity (crop damage); Global warming; Noise pollution; Other socio-economic impacts | Loss of livelihood",Water / pollution,Fishing and coastal communities; Workers; Local residents,National Electric Power Company (Jordan); NOBLE ENERGY; Delek Group; Aqaba Development Corporation; Jordan's National Parliament |,Operating,medium,contextual,Broader context only,,Broader gas case with LNG linkage,https://ejatlas.org/conflict/arab-gas-pipeline-jordan,No additional coding note.
"The Kakhovka Dam Destruction, Ukraine",Ukraine,State or Province: Kherson,"Kakhovka, Kherson Oblast",Port / logistics hub,Broader gas / LNG context,Broader LNG / environmental justice context,"Biodiversity loss (wildlife, agro-diversity); Floods (river, coastal, mudflow); Food insecurity (crop damage); Loss of landscape/aesthetic degradation; Soil contamination; Soil erosion; Waste overflow; Deforestation and loss of vegetation cover; Surface water pollution / Decreasing water (physico-chemical, biological) quality; Groundwater pollution or depletion; Large-scale disturbance of hydro and geological systems; Accidents; Exposure to unknown or uncertain complex risks (radiation, etc…); Mental problems including stress, depression and suicide; Violence related health impacts (homicides, rape, etc..) ; Deaths; Displacement | Increase in violence and crime | Lack of work security, labour absenteeism, firings, unemployment | Loss of livelihood | Loss of traditional knowledge/practices/cultures | Militarization and increased police presence | Specific impacts on women | Violations of human rights | Land dispossession | Loss of landscape/sense of place",Water / pollution,Indigenous communities; Local residents; Farmers,Ukrainian State Hydropower Company Ukrhydroenergo JSC; Ukrainian Government Russian Military Occupation Forces |,Cancelled / suspended,medium,contextual,Broader context only,,Broader gas case with LNG linkage,https://ejatlas.org/conflict/the-kakhovka-dam-destruction-ukraine,No additional coding note.
"Masela Block and Abadi LNG, Indonesia",Indonesia,Maluku,Tanimbar Islands Regency,Liquefaction / export facility,Broader gas / LNG context,Broader LNG / environmental justice context,"Air pollution; Biodiversity loss (wildlife, agro-diversity); Global warming; Surface water pollution / Decreasing water (physico-chemical, biological) quality; Desertification/Drought; Deforestation and loss of vegetation cover; Reduced ecological / hydrological connectivity; Displacement | Loss of livelihood | Land dispossession",Water / pollution,Indigenous communities; Fishing and coastal communities; Local residents,INPEX Corporation; Royal Dutch Shell; Pertamina; PETRONAS; Sumitomo Mitsui Banking Corporation (SMBC); Special Task Force for Upstream Oil and Gas Activities (SKK Migas) Minister of Energy and Mineral Resources (MEMR) |,Planned,medium,contextual,Broader context only,,Direct LNG case,https://ejatlas.org/conflict/masela-block-and-abadi-lng-indonesia,No additional coding note.
"Occupation in 2023 of Fluxys' LNG terminal in Zeebrugge, Belgium",Belgium,West-Vlaanderen,Zeebrugge,LNG terminal,Import / regasification,Direct EU supply / importing infrastructure,Air pollution; Global warming,Coastal / marine,Local residents,Fluxys,Operating,strong,core,Keep in core article,,Direct LNG case,https://ejatlas.org/conflict/occupation-of-fluxys-lng-terminal-in-zeebrugge-belgium,No additional coding note.
"Shimizu LNG power plant project in Shizuoka, Japan",Japan,Shizuoka prefecture,"Shimizu ward, Shizuoka city",Port / logistics hub,Broader gas / LNG context,Broader LNG / environmental justice context,"Surface water pollution / Decreasing water (physico-chemical, biological) quality; Other Environmental impacts; Air pollution; Biodiversity loss (wildlife, agro-diversity); Global warming; Loss of landscape/aesthetic degradation; Exposure to unknown or uncertain complex risks (radiation, etc…); Other environmental related diseases; Other Health impacts; Loss of landscape/sense of place | Loss of livelihood",Water / pollution,Fishing and coastal communities; Local residents; Women,"ENEOS Corporation; Governor of Shizuoka Prefecture Governor of Shizuoka City Ministry of Economy, Trade and Industry, Japan |",Cancelled / suspended,strong,contextual,Broader context only,,Direct LNG case,https://ejatlas.org/conflict/shimizu-natural-gas-power-plant-construction-project-japan,No additional coding note.
"Melchorita Gas Plant in Lima and the Peru LNG Gas Pipeline in Ayacucho, Peru",Peru,Ayacucho,Vinchos,Pipeline,Transit,Broader LNG / environmental justice context,"Fires; Groundwater pollution or depletion; Reduced ecological / hydrological connectivity; Food insecurity (crop damage); Air pollution; Biodiversity loss (wildlife, agro-diversity); Surface water pollution / Decreasing water (physico-chemical, biological) quality; Oil spills; Accidents; Exposure to unknown or uncertain complex risks (radiation, etc…); Other environmental related diseases; Other Health impacts; Increase in Corruption/Co-optation of different actors | Increase in violence and crime | Loss of livelihood | Violations of human rights | Land dispossession | Loss of landscape/sense of place",Water / pollution,Indigenous communities; Fishing and coastal communities; Workers; Local residents; Farmers,Hunt Oil; Shell Oil Company; Marubeni ; Global Energy Partners (EIG) ; MidOcean Energy; Transportadora de Gas del Perú ; Peru LNG; SK Energy; Repsol; US EXIM Bank; Export-Import Bank of Korea (KEXIM); Banco Interamericano de Desarrollo (BID) ; Export Credit Agency of Italy; Banco de Crédito del Perú; Government of Perú The Peruvian human rights ombudsman |,Operating,strong,contextual,Broader context only,,Direct LNG case,https://ejatlas.org/conflict/conflictos-socioambientales-en-ayacucho-por-el-gasoducto-y-la-planta-de-gas-melchorita-de-lima-peru,No additional coding note.
"Puerta al Sureste pipeline and LNG terminal in Coatzacoalcos, Mexico",Mexico,Veracruz,Coatzacoalcos,Pipeline,Transit,Broader LNG / environmental justice context,"Air pollution; Biodiversity loss (wildlife, agro-diversity); Fires; Global warming; Surface water pollution / Decreasing water (physico-chemical, biological) quality; Groundwater pollution or depletion; Reduced ecological / hydrological connectivity; Accidents; Occupational disease and accidents; Deaths; Exposure to unknown or uncertain complex risks (radiation, etc…); Other environmental related diseases; Increase in Corruption/Co-optation of different actors | Increase in violence and crime | Loss of livelihood | Violations of human rights | Land dispossession | Loss of landscape/sense of place",Water / pollution,Indigenous communities; Fishing and coastal communities; Local residents; Farmers,CFEnergía; TC Energy; Government of Mexico (MORENA) |,Planned,strong,contextual,Broader context only,,Direct LNG case,https://ejatlas.org/conflict/terminal-de-gas-natural-licuado-lng-en-coatzacoalcos-mexico,No additional coding note.
"Ksi Lisims Floating LNG Terminal, British Colombia, Canada",Canada,British Colombia,Pearce Island ,FLNG,Broader gas / LNG context,Broader LNG / environmental justice context,"Air pollution; Biodiversity loss (wildlife, agro-diversity); Global warming; Loss of landscape/aesthetic degradation; Other environmental related diseases; Other Health impacts; Loss of traditional knowledge/practices/cultures | Land dispossession | Loss of landscape/sense of place",Water / pollution,Indigenous communities; Fishing and coastal communities; Local residents,Advantage Energy; Birchcliff Energy; Canadian Natural Resources Ltd ; Murphy Oil; NuVista Energy; Ovintiv Inc.; Paramount Resources; Peyto Exploration & Development Corp.; Tourmaline Oil Corp.; Veren Inc.; Whitecap Resources Inc.; Woodside Energy International (Canada) Limited; British Columbia Environmental Assessment Office Canadian Impact Assessment Agency Nisga’a Nation |,Under construction,strong,contextual,Broader context only,,Direct LNG case,https://ejatlas.org/conflict/tuck-inlet-lng-terminal-british-colombia,No additional coding note.
"Liquefied Natural Gas (LNG) Terminal in Sagunto, Spain",Spain,Valencia,Sagunto,LNG terminal,Import / regasification,Direct EU supply / importing infrastructure,"Other Environmental impacts; Fires; Air pollution; Biodiversity loss (wildlife, agro-diversity); Global warming; Groundwater pollution or depletion; Reduced ecological / hydrological connectivity; Surface water pollution / Decreasing water (physico-chemical, biological) quality; Deaths; Other environmental related diseases; Other Health impacts; Accidents; Mental problems including stress, depression and suicide; Occupational disease and accidents; Increase in Corruption/Co-optation of different actors | Lack of work security, labour absenteeism, firings, unemployment | Violations of human rights",Water / pollution,Indigenous communities; Workers; Local residents,"Enagás, S.A.; Osaka Gas; Oman Oil Company;  European Investment Bank; Ministerio de Agricultua y Pesca, Alimentacion y Medio Ambiente; Government of Spain |",Operating,strong,core,Keep in core article,,Direct LNG case,https://ejatlas.org/conflict/terminal-de-gas-natural-licuado-lng-en-sagunto-espana,No additional coding note.
"Cove Point LNG export terminal, USA",United States,Maryland,"Cove Point, Lusby, Calvert County",LNG terminal,Export / extraction,Indirect EU supply chain / export-side context,"Air pollution; Biodiversity loss (wildlife, agro-diversity); Noise pollution; Surface water pollution / Decreasing water (physico-chemical, biological) quality; Global warming; Exposure to unknown or uncertain complex risks (radiation, etc…); Other Health impacts; Accidents; Land dispossession | Loss of landscape/sense of place | Loss of livelihood | Loss of traditional knowledge/practices/cultures",Water / pollution,Fishing and coastal communities; Local residents,Dominion Energy; The Federal Energy Regulatory Commission (FERC) |,Operating,strong,core-provisional,Keep in core article with scope note,East Coast,Direct LNG case,https://ejatlas.org/conflict/cove-point-lng-export-terminal-usa,No additional coding note.
"Goldboro LNG Terminal, Nova Scotia, Canada",Canada,Nova Scotia,"Goldboro, Guysborough County ",LNG terminal,Import / export terminal,Broader LNG / environmental justice context,"Biodiversity loss (wildlife, agro-diversity); Surface water pollution / Decreasing water (physico-chemical, biological) quality; Desertification/Drought; Global warming; Loss of landscape/aesthetic degradation; Noise pollution; Air pollution; Deforestation and loss of vegetation cover; Groundwater pollution or depletion; Other Environmental impacts; Genetic contamination; Accidents; Violence related health impacts (homicides, rape, etc..) ; Occupational disease and accidents; Deaths; Other Health impacts; Mental problems including stress, depression and suicide; Other environmental related diseases; Increase in Corruption/Co-optation of different actors | Increase in violence and crime | Loss of livelihood | Militarization and increased police presence | Specific impacts on women | Other socio-economic impacts | Loss of traditional knowledge/practices/cultures | Social problems (alcoholism, prostitution, etc..) | Violations of human rights | Loss of landscape/sense of place | Displacement | Economic Inequality (P): Often, such projects exacerbate income inequality as profits are centralized. Dependency on External Resources (P): The local economy might become overly dependent on project-related revenue, which can be unsustainable in the long-term. Decrease in Property Values (P): Nearby areas may suffer from reduced property values due to environmental or aesthetic degradation. Health Expenses Increase (P): Communities often face increased healthcare costs due to pollution-related diseases.",Water / pollution,Indigenous communities; Workers; Local residents; Women,"Pieridae Energy; The Federal Government of Canada The Province of Nova Scotia, The Federal Government of Genrmany (for financement) |",Cancelled / suspended,medium,contextual,Broader context only,,Direct LNG case,https://ejatlas.org/conflict/goldboro-lng-terminal-nova-scotia-canada,No additional coding note.
"Kribi Deep sea port, Cameroon",Cameroon,South Province,Kirbi,Port / logistics hub,Broader gas / LNG context,Broader LNG / environmental justice context,"Oil spills; Surface water pollution / Decreasing water (physico-chemical, biological) quality; Other Environmental impacts; Air pollution; Biodiversity loss (wildlife, agro-diversity); Food insecurity (crop damage); Soil contamination; Deforestation and loss of vegetation cover; Loss of landscape/aesthetic degradation; Noise pollution; Other Health impacts; Exposure to unknown or uncertain complex risks (radiation, etc…); Lack of work security, labour absenteeism, firings, unemployment | Other socio-economic impacts | Displacement | Land dispossession | Loss of livelihood | Loss of traditional knowledge/practices/cultures | Loss of landscape/sense of place",Water / pollution,Indigenous communities; Fishing and coastal communities; Workers; Local residents; Farmers,China Harbour Engineering Company; China Communication Construction Company Ltd.; Perenco; Engie; Société Nationale Hydrocarbures de Cameroon; African Development Bank; China Export Import Bank; International Container  Terminal Services Inc; Port Authority of Kribi (PAK) from Cameroon |,Under construction,strong,contextual,Broader context only,,Broader gas case with LNG linkage,https://ejatlas.org/conflict/kribi-deep-sea-port-cameroon,No additional coding note.
"LNG terminal development at a contaminated DuPont Chemical Site, Greenwich Township, New Jersey",United States,New Jersey,Greenwich Township,LNG terminal,Export / extraction,Indirect EU supply chain / export-side context,"Biodiversity loss (wildlife, agro-diversity); Noise pollution; Air pollution; Loss of landscape/aesthetic degradation; Soil contamination; Soil erosion; Waste overflow; Oil spills; Surface water pollution / Decreasing water (physico-chemical, biological) quality; Groundwater pollution or depletion; Occupational disease and accidents; Deaths; Accidents; Exposure to unknown or uncertain complex risks (radiation, etc…); Loss of landscape/sense of place | Increase in Corruption/Co-optation of different actors",Water / pollution,Local residents,Dupont; Chemours Company; New Fortress Energy; FTAI Infrastructure Inc; Delaware River Partners; Delaware River Basin Commission (DRBC) New Jersey Department of Environmental Protection (NJDEP) Environmental Protection Agency (EPA) Gloucester County Improvement Authority (GCIA) U.S. Army Corps of Engineers Federal Energy Regulatory Commission (FERC) Greenwich Township Planning Board Pipeline and Hazardous Materials Safety Administration (PHMSA) |,Under construction,strong,core-provisional,Keep in core article with scope note,East Coast,Direct LNG case,https://ejatlas.org/conflict/the-fallout-and-future-of-the-dupont-repauno-chemical-site-greenwich-township-new-jersey,No additional coding note.
"Offshore LNG Terminal, Hong Kong","Hong Kong SAR, China",Soko Islands,Hong-Kong,LNG terminal,Import / export terminal,Broader LNG / environmental justice context,"Oil spills; Surface water pollution / Decreasing water (physico-chemical, biological) quality; Noise pollution; Biodiversity loss (wildlife, agro-diversity); Accidents; Exposure to unknown or uncertain complex risks (radiation, etc…); Deaths; Other Health impacts; Other socio-economic impacts | Loss of livelihood | -Direct disturbances and changes to fisheries habitat and Loss of Access to Fishing Ground; -Impingement and entrainment of fisheries resources.",Water / pollution,Fishing and coastal communities; Local residents; Farmers,Hong Kong Electric Company Limited; CLP Group; China Souther Power Grid; The Hong Kong government also known as HKSAR government |,Operating,strong,contextual,Broader context only,,Direct LNG case,https://ejatlas.org/conflict/hong-kong-offshore-lng-terminal,No additional coding note.
"Toyuan Liquid Natural Gas (LNG) Terminal, Taiwan",Taiwan,Guanyin District,Datan Borough,LNG terminal,Import / export terminal,Broader LNG / environmental justice context,"Biodiversity loss (wildlife, agro-diversity); Loss of landscape/aesthetic degradation; Noise pollution; Reduced ecological / hydrological connectivity; Large-scale disturbance of hydro and geological systems; Displacement | Loss of livelihood | Loss of landscape/sense of place",Water / pollution,Fishing and coastal communities; Local residents,"CPC Corporation, Taiwan ; 經濟部 (Jīngjìbù), MInistry of Economic Affairs 環境保護署 (Huánjìng Bǎohù Shǔ), Environmental Protection Administration 臺灣中油股份有限公司 (Táiwān Zhōngyóu Gǔfèn Yǒuxiàn Gōngsī), CPC corporation 行政院 (Xíngzhèng Yuàn), Executive Yuan |",Under construction,strong,contextual,Broader context only,,Direct LNG case,https://ejatlas.org/conflict/toyuan-liquid-natural-gas-lng-terminal-taiwan,No additional coding note.
"Sidakarya-Bali LNG, Indonesia",Indonesia,Bali,Sidakarya,LNG terminal,Import / export terminal,Broader LNG / environmental justice context,"Biodiversity loss (wildlife, agro-diversity); Floods (river, coastal, mudflow); Noise pollution; Soil contamination; Soil erosion; Deforestation and loss of vegetation cover; Reduced ecological / hydrological connectivity; Loss of landscape/aesthetic degradation; Other environmental related diseases; Displacement | Loss of livelihood | Loss of traditional knowledge/practices/cultures | Land dispossession | Loss of landscape/sense of place",Water / pollution,Indigenous communities; Fishing and coastal communities; Local residents,Dewata Energi Bersih; PT Timah (Persero) TBK; PT PLN Batam; Perusda Bali; Dinas ESDM Provinsi Bali (Department of Energy and Mineral Resources of Bali) Dinas Lingkungan Hidup Provinsi Bali (Department of Environment of Bali) Bappeda Provinsi Bali (Bali Provincial Development Planning Agency) |,Under construction,strong,contextual,Broader context only,,Direct LNG case,https://ejatlas.org/conflict/sidakarya-bali-lng-indonesia,No additional coding note.
"The Idku LNG Terminal, Egypt",Egypt,Beheira,Not specified clearly in live EJAtlas metadata.,LNG terminal,Export / extraction,Direct EU supply / contextual exporter,Air pollution; Global warming; Noise pollution; Loss of landscape/aesthetic degradation; Other environmental related diseases; Displacement | Loss of landscape/sense of place,Water / pollution,Fishing and coastal communities; Workers; Local residents; Farmers,"Royal Dutch Shell; Egyptian General Petroleum Corporation; Egyptian Natural Gas Holding Company; PETRONAS; TotalEnergies; Rashpetco; Green Valley; The World Bank; Ministry of Electricity and Renewable Energy (MOERE) Egypt Ministry of Petroleum and Mineral Resources (MOPMR) Egypt Tarek El Molla, Minister of Petroleum and Mineral Resources, Egypt Dr. Mohamed Shaker El-Markabi, Minister of Electricity and Renewable Energy, Egypt Dr. Rania Al-Mashat, Minister of International Cooperation, Egypt Robert Habeck, Federal Minister for Economic Affairs and Climate Action, Germany Jochen Flasbarth, State Secretary in the Federal Ministry for Economic Cooperation and Development, Germany Karine Elharrar, Minister of Energy, Israel European Commission President Ursula von der Leyen Egyptian President Abdel Fattah |",Operating,strong,contextual,Contextual case with direct EU relevance,,Direct LNG case,https://ejatlas.org/conflict/the-idku-lng-terminal-egypt,"Directly relevant to EU supply debates, but not included in the current core 26."
"Ruwais LNG Terminal in Al Ruwais Industrial City, Abu Dhabi, United Arab Emirates",United Arab Emirates,"Western Region, Abu Dhabi",Al Ruwais Inustrial Park,LNG terminal,Export / extraction,Indirect EU supply chain / context case,Air pollution; Global warming; Loss of landscape/aesthetic degradation; Accidents; Occupational disease and accidents; Deaths; Other Health impacts,Health / air pollution,Workers; Migrant workers,Abu Dhabi National Oil Company; Royal Dutch Shell; Mitsui & Co Ltd; British Petroleum; TotalEnergies,Planned,strong,core,Contextual case,,Direct LNG case,https://ejatlas.org/conflict/ruwais-lng-terminal-in-al-ruwais-industrial-city-abu-dhabi-united-arab-emirates,EJAtlas case is Abu Dhabi; article brief mentions Dubai.
"Alaska LNG Terminal, USA",United States,Alaska,Nikiski,LNG terminal,Export / extraction,Broader LNG / environmental justice context,"Air pollution; Biodiversity loss (wildlife, agro-diversity); Global warming; Loss of landscape/aesthetic degradation; Other environmental related diseases; Loss of livelihood | Loss of landscape/sense of place | Loss of traditional knowledge/practices/cultures",Water / pollution,Indigenous communities; Fishing and coastal communities; Local residents,Alaska Gasline Development Corp; U.S. Fish and Wildlife Service and National Marine Fisheries Service The Department of the Interior and Department of Commerce Alaska Department of Natural Resources Regulatory Commission of Alaska Alaska Industrial Development and Export Authority |,Planned,strong,contextual,Broader context only,Alaska,Direct LNG case,https://ejatlas.org/conflict/alaska-lng-terminal-usa,No additional coding note.
"Predator's 'Mag Mell'  LNG Floating Storage and Regasification Unit (FSRU), Cork, Ireland",Ireland,Munster,County Cork,FSRU,Import / regasification,Direct EU supply / importing infrastructure,"Air pollution; Global warming; Loss of landscape/aesthetic degradation; Other Environmental impacts; Exposure to unknown or uncertain complex risks (radiation, etc…); Other environmental related diseases; Other Health impacts; Loss of landscape/sense of place",Water / pollution,Local residents; Farmers,"Predator Oil & Gas Hldgs; Predator LNG Ireland; Ministry of Energy Ireland Department of the Environment Climate and Communications (DECC) Ireland Neasa Hourigan TD, a member of parliament for the Greens |",Planned,medium,core,Keep in core article,,Direct LNG case,https://ejatlas.org/conflict/33-predator-s-mag-mell-floating-lng-terminal-cork-ireland,No additional coding note.
"Kochi LNG (and LPG) Terminal and pipeline across Kerala and Tamil Nadu, India",India,Kerala,Kochi,Pipeline,Import / regasification,Broader LNG / environmental justice context,"Air pollution; Food insecurity (crop damage); Biodiversity loss (wildlife, agro-diversity); Deforestation and loss of vegetation cover; Other Environmental impacts; Exposure to unknown or uncertain complex risks (radiation, etc…); Mental problems including stress, depression and suicide; Lack of work security, labour absenteeism, firings, unemployment | Militarization and increased police presence | Land dispossession | Displacement | Loss of livelihood | Loss of traditional knowledge/practices/cultures | Loss of landscape/sense of place",Health / air pollution,Fishing and coastal communities; Workers; Local residents; Farmers,Oil and Natural Gas Corporation Limited; Bharat Petroleum Corporation Limited ; Gas Authority of India Limited; Indian Oil Corporation Limited,Operating,strong,contextual,Broader context only,,Direct LNG case,https://ejatlas.org/conflict/lng-and-lpg-kochi-terminal-in-kerala-and-pipeline-across-kerala-and-tamil-nadu-india,No additional coding note.
"Block B Liquid Natural Gas (LNG) Project, Vietnam",Vietnam,Cà Mau,Cà Mau,Pipeline,Transit,Broader LNG / environmental justice context,"Global warming; Surface water pollution / Decreasing water (physico-chemical, biological) quality; Large-scale disturbance of hydro and geological systems; Loss of landscape/aesthetic degradation; Increase in Corruption/Co-optation of different actors | Loss of livelihood | Land dispossession | Loss of landscape/sense of place",Coastal / marine,Local residents,"PetroVietnam Company; Mitsui & Co., Ltd; PTTEP; Vietnam Electricity; The World Bank; International Finance Corporation; Ministry of Industry and Trade (MOIT): Bộ Công Thương Department of Energy: Sở Năng Lượng |",Planned,medium,contextual,Broader context only,,Direct LNG case,https://ejatlas.org/conflict/block-b-gas-project-vietnam,No additional coding note.
"LNG Boom in the Verde Island Passage, The Philippines",Philippines,Not specified clearly in live EJAtlas metadata.,Not specified clearly in live EJAtlas metadata.,LNG terminal,Import / regasification,Broader LNG / environmental justice context,"Biodiversity loss (wildlife, agro-diversity); Air pollution; Food insecurity (crop damage); Global warming; Noise pollution; Surface water pollution / Decreasing water (physico-chemical, biological) quality; Loss of landscape/aesthetic degradation; Oil spills; Deforestation and loss of vegetation cover; Groundwater pollution or depletion; Other Health impacts; Displacement | Loss of livelihood | Land dispossession | Loss of traditional knowledge/practices/cultures | Violations of human rights | Loss of landscape/sense of place | Toxic air and water pollution Thermal pollution from seawater intake, resulting in disrupted reproductive cycles of marine life and less fish catch Potential freshwater shortages, with gas terminals and plants competing with locals for supply A massive increase in shipping activities Loss of flora and displacement of coastal communities",Water / pollution,Indigenous communities; Fishing and coastal communities; Local residents,"San Miguel Corporation; ATLANTIC GULF & PACIFIC COMPANY; Royal Dutch Shell; Energy World Corporation Limited; Tokyo Gas Co., Ltd; Excelerate Energy Inc; Top line Business Development Corporation; Lopez Holdings Corporation; First Philippine Holdings Corporation; First Gen Corporation; Gen X Energy Pte Ltd; Ayala Coporation; Enex Energy Corporation; Acen Corporation; Batangas Clean Energy Inc; Millennium Energy Inc; PanAsia Energy Inc; Manila Electric Company; Vires Energy; ING Bank NV; Standard Chartered Bank ; Deutsche Bank; JP Morgan Chase; HSBC Bank; Barclays ; UBS; DWS Groups; Allianz; Japan Bank for International Corporation (JBIC); Osaka Gas Co., Ltd.; I Squared Capital; BlackRock Financial Management Inc.; Credit Agricole; Schroder Investment Management; DBS Bank Ltd; Credit Suisse; China Banking Coporation; Mizuho Bank; Development Bank of the Philippines; A Brown Company Inc.; KKR & Co. Inc; Top Frontier Investment Holdings Inc; First Pacific Company Ltd; Department of Energy Philippines Department of Environment and Natural Resources |",Under construction,medium,contextual,Broader context only,,Direct LNG case,https://ejatlas.org/conflict/lng-boom-in-the-verde-island-passage,No additional coding note.
"Rio Grande LNG, Texas",United States,Cameron County ,Port of Brownsville ,Liquefaction / export facility,Export / extraction,Broader LNG / environmental justice context,"Global warming; Surface water pollution / Decreasing water (physico-chemical, biological) quality; Groundwater pollution or depletion; Air pollution; Loss of landscape/aesthetic degradation; Other environmental related diseases; Other Health impacts; Loss of livelihood | Land dispossession | Displacement | Loss of traditional knowledge/practices/cultures | Loss of landscape/sense of place",Water / pollution,Indigenous communities; Fishing and coastal communities; Local residents,"NextDecade; Bechtel; Rio Bravo Pipeline Company LLC; TotalEnergies; Global Infrastructure Partners; TEP Barnett USA, LLC; Cameron County Government |",Under construction,strong,contextual,Broader context only,Gulf Coast,Direct LNG case,https://ejatlas.org/conflict/rio-grande-lng-texas,No additional coding note.
"Boca Chica SpaceX Launch Facility, TX, USA",United States,Texas,Boca Chica Village,LNG terminal,Export / extraction,Broader LNG / environmental justice context,"Global warming; Biodiversity loss (wildlife, agro-diversity); Fires; Loss of landscape/aesthetic degradation; Noise pollution; Deforestation and loss of vegetation cover; Air pollution; Other Environmental impacts; Mental problems including stress, depression and suicide; Violations of human rights | Displacement | Land dispossession | Militarization and increased police presence | Loss of traditional knowledge/practices/cultures | Other socio-economic impacts | Lack of access to sacred sites Disturbance of American artifacts and burial sites Loss of beach access for recreation",Water / pollution,Indigenous communities; Fishing and coastal communities; Local residents; Farmers,"SpaceX; Federal Aviation Administration (FAA) State of Texas and state agencies The Federal Energy Regulatory Commission (FERC) U.S. Fish and Wildlife Service (USFWS) Boca Chica State Park, Texas Cameron County, Texas Texas General Land Office Texas Land Commissioner George P. Bush. |",Operating,strong,contextual,Broader context only,Gulf Coast,Broader gas case with LNG linkage,https://ejatlas.org/conflict/brownsville-spacex-launch-facility,No additional coding note.
"Sabine Pass LNG, Lousianna, USA",United States,Lousianna,Cameron,Liquefaction / export facility,Export / extraction,Broader LNG / environmental justice context,"Biodiversity loss (wildlife, agro-diversity); Deforestation and loss of vegetation cover; Surface water pollution / Decreasing water (physico-chemical, biological) quality; Groundwater pollution or depletion; Reduced ecological / hydrological connectivity; Air pollution; Global warming; Loss of landscape/aesthetic degradation; Exposure to unknown or uncertain complex risks (radiation, etc…); Other environmental related diseases; Lack of work security, labour absenteeism, firings, unemployment | Land dispossession | Displacement | Loss of livelihood | Loss of landscape/sense of place",Water / pollution,Indigenous communities; Fishing and coastal communities; Workers; Local residents,Mitsubishi UFG; Cheniere Energy; Export-Import Bank of Korea (KEXIM); Korea Development Bank; Scotiabank; Mizuho Bank; Standard Chartered Bank ; Lloyds Bank; Credit Agricole; Banco Bilbao Vizcaya Argentaria (BBVA); Credit Suisse (CSEIP); HSBC Bank; ING Bank NV; Department of Energy |,Operating,strong,contextual,Broader context only,Gulf Coast,Direct LNG case,https://ejatlas.org/conflict/sabine-pass-lng-lousianna,No additional coding note.
"Baynouna Solar Power Plant and Sun-for-Water deal with Israel, Jordan",Jordan,Amman Governate,Amman,LNG terminal,Import / export terminal,Broader LNG / environmental justice context,"Biodiversity loss (wildlife, agro-diversity); Loss of landscape/aesthetic degradation; Air pollution; Loss of traditional knowledge/practices/cultures | Displacement | Lack of work security, labour absenteeism, firings, unemployment | Loss of livelihood | Violations of human rights | Land dispossession | Loss of landscape/sense of place",Water / pollution,Indigenous communities; Workers; Local residents,"Masdar;  International Finance Corporation (of World Bank); Ministry of Energy and Minerals, Jordan |",Operating,medium,contextual,Broader context only,,Broader gas case with LNG linkage,https://ejatlas.org/conflict/baynouna-solar-power-plant-and-sun-for-water-deal-with-israel-jordan,No additional coding note.
"Tataouine Solar Power Plant, Tunisia",Tunisia,Tataouine Governate ,Tataouine,Port / logistics hub,Broader gas / LNG context,Broader LNG / environmental justice context,"Loss of landscape/aesthetic degradation; Increase in Corruption/Co-optation of different actors | Land dispossession | Lack of work security, labour absenteeism, firings, unemployment | Loss of landscape/sense of place",Coastal / marine,Workers; Local residents,"Eni group; Entreprise Tunisienne D’Activitiés Pétrolières; Société Tunisienne de l'Eletricité et du Gaz; The Ministry of Industry, Energy and Mines |",Operating,strong,contextual,Contextual case,,Broader gas / EJ case,https://ejatlas.org/conflict/tataouine-solar-power-plant-tunisia,Current live LNG search result appears contextual rather than a clean LNG terminal case.
"Matabari LNG Terminal, Bangladesh",Bangladesh,Chittagong,Cox's Bazar,LNG terminal,Import / export terminal,Broader LNG / environmental justice context,Air pollution; Global warming; Loss of landscape/aesthetic degradation; Reduced ecological / hydrological connectivity; Loss of traditional knowledge/practices/cultures | Loss of landscape/sense of place | Displacement | Loss of livelihood | Land dispossession,Health / air pollution,Fishing and coastal communities; Local residents,"Japan International Cooperation Agency; JERA Co., Inc.; Ministry of Power, Energy and Mineral Resources, Bangladesh |",Under construction,strong,contextual,Broader context only,,Direct LNG case,https://ejatlas.org/conflict/matabari-liquid-natural-gas-terminal-bangladesh,No additional coding note.
"Rotterdam Industrial Port, The Netherlands",Netherlands,South Holland,Rotterdam,Port / logistics hub,Broader gas / LNG context,Broader LNG / environmental justice context,Air pollution; Global warming; Other Health impacts,Health / air pollution,Workers; Local residents,Royal Dutch Shell; ExxonMobil Corporation; Air Liquide;  Air Products; Neste Oyj; Gemeenteraad van Rotterdam Dutch Government |,Operating,strong,contextual,Broader context only,,Broader gas case with LNG linkage,https://ejatlas.org/conflict/rotterdam-industrial-port-the-netherlands,No additional coding note.
"Corpus Christi LNG facility, Texas, USA",United States,Texas,Gregory,Liquefaction / export facility,Export / extraction,Broader LNG / environmental justice context,Groundwater pollution or depletion; Air pollution; Global warming; Loss of landscape/aesthetic degradation; Accidents; Other environmental related diseases; Loss of landscape/sense of place,Water / pollution,Indigenous communities; Local residents,"Cheniere Energy; Engie; Sumitomo Mitsui Banking Corporation.; Societe Generale; ABN AMRO Capital; Apple Bank for Savings; Banco Bilbao Vizcaya Argentaria (BBVA); Banco de Sabadell Miami; Bank of America; Bank of China; Bank of Nova Scotia; CaixaBank; Canadian Imperial Bank of Commerce; China Merchants Bank; CIT Bank; Citibank; Commonwealth Bank of Australia; Credit Agricole; Credit Industriel et Commercial; Credit Suisse; DBS Bank Ltd; FirstBank; Goldman Sachs Group, Inc.; HSBC Bnk USA; Industrial and Commercial Bank of China; Intesa San Paolo; JP Morgan Chase; KEB Hana Global; KfW Ipex-Bank; Landesbank Baden-Württemberg; Lloyds Bank; Mizuho Bank; Morgan Stanley; The Bank of Tokyo Mitsubishi UFJ; National Australia Bank; Raymond James Bank; Royal Bank of Canada (RBC); Banco Santander; Siemens Financial Services; Standard Chartered Bank ; Korea Development Bank; Wells Fargo; Woori Bank; Texas Commission on Environmental Quality (TCEQ) United States Department of Energy |",Operating,strong,contextual,Broader context only,Gulf Coast,Direct LNG case,https://ejatlas.org/conflict/corpus-christi-lng-facility-texas-usa,No additional coding note.
"LNG Terminals around Calcasieu Lake, Louisiana, USA",United States,Louisiana,Cameron,LNG terminal,Export / extraction,Broader LNG / environmental justice context,"Surface water pollution / Decreasing water (physico-chemical, biological) quality; Air pollution; Biodiversity loss (wildlife, agro-diversity); Global warming; Loss of landscape/aesthetic degradation; Noise pollution; Accidents; Occupational disease and accidents; Other environmental related diseases; Loss of livelihood | Loss of traditional knowledge/practices/cultures | Loss of landscape/sense of place",Water / pollution,Indigenous communities; Fishing and coastal communities; Workers; Local residents,Venture Global; EPA |,Operating,medium,contextual,Broader context only,Gulf Coast,Direct LNG case,https://ejatlas.org/conflict/cameron-calcasieu-lng,No additional coding note.
"The Mphanda Nkuwa Hydropower Project, Mozambique",Mozambique,Tete,Mirinde,Port / logistics hub,Broader gas / LNG context,Broader LNG / environmental justice context,"Biodiversity loss (wildlife, agro-diversity); Floods (river, coastal, mudflow); Loss of landscape/aesthetic degradation; Deforestation and loss of vegetation cover; Large-scale disturbance of hydro and geological systems; Reduced ecological / hydrological connectivity; Malnutrition; Displacement | Lack of work security, labour absenteeism, firings, unemployment | Loss of livelihood | Specific impacts on women | Land dispossession",Water / pollution,Indigenous communities; Fishing and coastal communities; Local residents; Farmers; Women,EDF Renewables ; TotalEnergies; Sumitomo Corporation; The World Bank;  European Investment Bank; European Union ; The Export-Import Bank of China; Ministry of Mineral Resources and Energy |,Planned,strong,contextual,Broader context only,,Broader gas case with LNG linkage,https://ejatlas.org/conflict/the-mphanda-nkuwa-hydropower-project-mozambique,No additional coding note.
"Göteborg LNG Terminal, Sweden",Sweden,Västra Götaland,Göteborg,LNG terminal,Import / regasification,Broader LNG / environmental justice context,Global warming; Air pollution,Coastal / marine,Fishing and coastal communities; Local residents,"Swedegas; Royal Vopak; Ministry of Climate and Enterprise, Sweden |",Cancelled / suspended,strong,contextual,Broader context only,,Direct LNG case,https://ejatlas.org/conflict/gothenburg-lng-terminal-sweden,No additional coding note.
"Bontang / Badak LNG plant, East Kalimantan, Indonesia",Indonesia,East Kalimantan,Bontang,Port / logistics hub,Export / extraction,Broader LNG / environmental justice context,"Groundwater pollution or depletion; Floods (river, coastal, mudflow); Surface water pollution / Decreasing water (physico-chemical, biological) quality; Noise pollution; Global warming; Loss of landscape/aesthetic degradation; Deforestation and loss of vegetation cover; Air pollution; Displacement | Loss of livelihood | Land dispossession | Loss of traditional knowledge/practices/cultures | Loss of landscape/sense of place",Water / pollution,Indigenous communities; Workers; Local residents; Farmers,Pertamina; TotalEnergies; PT Chiyoda International Indonesia; Mitsubishi Corp.; PT Pupuk Kalimantan Timur (PKT); PT Pertamina Hulu Sanga Sanga (PHSS); PT Patriot Nusantara Aceh (PTA); Chase Manhattan Bank; Bank of Taiwan; Bank Indonesia; Fuji Bank,Operating,medium,contextual,Broader context only,,Direct LNG case,https://ejatlas.org/conflict/bontang-lng-plant-borneo-indonesia,No additional coding note.
"Rügen LNG import terminal, Germany",Germany,Germany,Rügen island,LNG terminal,Import / regasification,Direct EU supply / importing infrastructure,"Air pollution; Biodiversity loss (wildlife, agro-diversity); Global warming; Loss of landscape/aesthetic degradation; Noise pollution; Soil contamination; Exposure to unknown or uncertain complex risks (radiation, etc…); Accidents; Loss of livelihood | Land dispossession | Militarization and increased police presence | Loss of landscape/sense of place",Water / pollution,Fishing and coastal communities; Local residents,Deutsche ReGas; - German Bundestag (parliament) - German Ministry of Economics. - German government. |,Under construction,strong,core,Keep in core article,,Direct LNG case,https://ejatlas.org/conflict/germany-builds-up-lng-import-terminals-in-the-port-of-mukran-on-the-eastern-german-island-of-rugen,No additional coding note.
"BP's Tangguh LNG Project, West Papua",Indonesia,West Papua,Not specified clearly in live EJAtlas metadata.,Liquefaction / export facility,Broader gas / LNG context,Broader LNG / environmental justice context,"Food insecurity (crop damage); Air pollution; Biodiversity loss (wildlife, agro-diversity); Global warming; Loss of landscape/aesthetic degradation; Deforestation and loss of vegetation cover; Violence related health impacts (homicides, rape, etc..) ; Deaths; Increase in Corruption/Co-optation of different actors | Increase in violence and crime | Militarization and increased police presence | Land dispossession | Displacement | Violations of human rights",Water / pollution,Indigenous communities; Fishing and coastal communities; Local residents,"PT Pertamina; Atlantic Richfield Company ; Mitsubishi Corporation; INPEX Corporation; China National Offshore Oil Corporation, or CNOOC Group; JX Nippon Oil & Gas Exploration Corp; KG Group; LNG Japan Corporation; British Petroleum; Indonesian Military (TNI) |",Operating,strong,contextual,Broader context only,,Direct LNG case,https://ejatlas.org/conflict/human-rights-violations-surrounding-tangguh-lng-project-west-papua,No additional coding note.
"LNG Boom in the Verde Island Passage, Philippines",Philippines,The Verde Island Passage Marine Corridor is situated between Southern Luzon (Batangas) and Mindoro,Verde Island Passage,FSRU,Broader gas / LNG context,Broader LNG / environmental justice context,"Soil erosion; Food insecurity (crop damage); Oil spills; Surface water pollution / Decreasing water (physico-chemical, biological) quality; Global warming; Large-scale disturbance of hydro and geological systems; Air pollution; Biodiversity loss (wildlife, agro-diversity); Floods (river, coastal, mudflow); Loss of landscape/aesthetic degradation; Exposure to unknown or uncertain complex risks (radiation, etc…); Other environmental related diseases; Accidents; Displacement | Lack of work security, labour absenteeism, firings, unemployment | Loss of livelihood | Land dispossession | Loss of landscape/sense of place",Water / pollution,Fishing and coastal communities; Workers; Local residents,"San Miguel Corporation; ATLANTIC GULF & PACIFIC COMPANY; Royal Dutch Shell; Energy World Corporation Limited; Tokyo Gas Co., Ltd; Excelerate Energy Inc; Top line Business Development Corporation; Lopez Holdings Corporation; First Philippine Holdings Corporation; First Gen Corporation; Gen X Energy Pte Ltd; Ayala Coporation; Enex Energy Corporation; Acen Corporation; Batangas Clean Energy Inc; Millennium Energy Inc; PanAsia Energy Inc; Manila Electric Company; Vires Energy; ING Bank NV; Standard Chartered Bank ; Deutsche Bank; JP Morgan Chase; HSBC Bank; Barclays; UBS; DWS Groups; Allianz; Japan Bank for International Corporation (JBIC); Osaka Gas Co., Ltd.; I Squared Capital; BlackRock Financial Management Inc.; Credit Agricole; Schroder Investment Management; DBS Bank Ltd; Credit Suisse; China Banking Coporation; Mizuho Bank; Development Bank of the Philippines; A Brown Company Inc.; KKR & Co. Inc; Top Frontier Investment Holdings Inc; First Pacific Company Ltd; - Philippines President - Department of Energy (DOE) - Philippines Department of Environment and Natural Resources |",Operating,medium,contextual,Broader context only,,Direct LNG case,https://ejatlas.org/conflict/lng-boom-in-the-verde-island-passage-2,No additional coding note.
"Woodfibre LNG, Squamish, Canada",Canada,B.C.,"Squamish, BC",Port / logistics hub,Broader gas / LNG context,Broader LNG / environmental justice context,"Biodiversity loss (wildlife, agro-diversity); Genetic contamination; Global warming; Loss of landscape/aesthetic degradation; Air pollution; Noise pollution; Soil contamination; Surface water pollution / Decreasing water (physico-chemical, biological) quality; Groundwater pollution or depletion; Soil erosion; Other environmental related diseases; Accidents; Deaths; Loss of landscape/sense of place",Water / pollution,Fishing and coastal communities; Workers; Local residents,Canadian Government Canadian Department of Energy Environment Canada BC Environmental Assessment Office |,Under construction,strong,contextual,Broader context only,,Direct LNG case,https://ejatlas.org/conflict/woodfibre-lng-canada,No additional coding note.
"Le Havre LNG Floating Storage and Regasification Unit, France",France,Normandy ,Bougainville Sud dock - In the port of the city Le Havre ,FSRU,Import / regasification,Direct EU supply / importing infrastructure,"Air pollution; Noise pollution; Loss of landscape/aesthetic degradation; Biodiversity loss (wildlife, agro-diversity); Surface water pollution / Decreasing water (physico-chemical, biological) quality; Soil contamination; Global warming; Accidents; Exposure to unknown or uncertain complex risks (radiation, etc…); Occupational disease and accidents; Mental problems including stress, depression and suicide; Lack of work security, labour absenteeism, firings, unemployment | Militarization and increased police presence | Other socio-economic impacts | -increase of energy prices as LNG is expensive, making it difficult for some households to afford it, and serve their energy needs -exarcebation of inequalities",Health / air pollution,Workers; Local residents,"TotalEnergies LNG Services France; GRTgaz; HAROPA PORT; - Ministry of Ecological Transition - the Seine Maritime préfecture - the Regional Directorate for Environment, Planning and Housing - the intracommunal body LeHavre Seine) |",Operating,strong,core,Keep in core article,,Direct LNG case,https://ejatlas.org/conflict/le-havre-lng-floating-storage-and-regasification-unit-france,No additional coding note.
"NextDecade Liquid Natural Gas (LNG) Terminal, Cork, Ireland",Ireland,Munster,Cork,LNG terminal,Import / regasification,Direct EU supply / importing infrastructure,"Air pollution; Global warming; Loss of landscape/aesthetic degradation; Surface water pollution / Decreasing water (physico-chemical, biological) quality; Loss of landscape/sense of place | Land dispossession",Health / air pollution,Local residents,"NextDecade; Ministry for Communications, Climate Change and the Environment |",Cancelled / suspended,unknown,core,Keep in core article,,Direct LNG case,https://ejatlas.org/conflict/nextdecade-liquid-natural-gas-lng-terminal-cork-ireland,No additional coding note.
"LNG Shannon terminal, Ireland",Ireland,County Kerry ,South West Ireland – near Ballylongford and Tarbert,LNG terminal,Import / regasification,Direct EU supply / importing infrastructure,"Biodiversity loss (wildlife, agro-diversity); Deforestation and loss of vegetation cover; Other Environmental impacts; Global warming; Accidents; Other socio-economic impacts | Increase in Corruption/Co-optation of different actors | Loss of landscape/sense of place | Potential impacts on local livelihoods, increased energy poverty",Health / air pollution,Local residents; Farmers,Shannon LNG Ltd. ; New Fortress Energy; Hess Corporation; Poten & Partners; Ervia; European Union - PCI list Irish Government - Strategic Infrastructure Act Irish Commission for Energy Regulation of Ireland (CER) An Bord Pleanala (Ireland’s national planning board) |,Cancelled / suspended,strong,core,Keep in core article,,Direct LNG case,https://ejatlas.org/conflict/lng-shannon-terminal,No additional coding note.
"The Kariba REDD+ Project, Zimbabwe",Zimbabwe,"Matabeleland North, Midlands, Mashonaland West, and Mashonaland Central","Hurungwe, Mbire, Nyaminyami and Binga ",Port / logistics hub,Broader gas / LNG context,Broader LNG / environmental justice context,"Mental problems including stress, depression and suicide; Increase in Corruption/Co-optation of different actors | Displacement | Loss of livelihood | Loss of traditional knowledge/practices/cultures | Militarization and increased police presence",Water / pollution,Indigenous communities; Fishing and coastal communities; Local residents; Farmers; Women; Migrant workers,"Verra; TotalEnergies; Black Crystal Consulting; Carbon Green Africa; NatureOffice GmbH ; Carbon Green Investments; Volkswagen; Delta Air Lines; McKinsey & Company; Gucci; Lidl; Greenchoice Energy; Poseidon Sustainability Ltd; Nestlé; Stand For Trees; Porsche ; impactChoice; Takeda Pharmaceutical Company; L'Oreal SA; Luigi Lavazza S.p.A.; Booking.com; Cannes Film Festival; Environment Africa; Bayer; South Pole Carbon Asset Management; Ernst & Young Global Limited; Barclays ; Adyen N.V.; - Local Rural District Councils of Hurungwe, Mbire, Nyaminyami and Binga - Government of Zimbabwe |",Operating,medium,contextual,Broader context only,,Broader gas case with LNG linkage,https://ejatlas.org/conflict/the-kariba-redd-project-in-zimbabwe,No additional coding note.
"Liquefied Natural Gas Project, Papua New Guinea",Papua New Guinea,Southern Highlands and Western Provinces,Not specified clearly in live EJAtlas metadata.,Liquefaction / export facility,Broader gas / LNG context,Broader LNG / environmental justice context,"Air pollution; Desertification/Drought; Fires; Food insecurity (crop damage); Loss of landscape/aesthetic degradation; Soil erosion; Oil spills; Groundwater pollution or depletion; Large-scale disturbance of hydro and geological systems; Reduced ecological / hydrological connectivity; Biodiversity loss (wildlife, agro-diversity); Floods (river, coastal, mudflow); Global warming; Deforestation and loss of vegetation cover; Surface water pollution / Decreasing water (physico-chemical, biological) quality; Malnutrition; Mental problems including stress, depression and suicide; Violence related health impacts (homicides, rape, etc..) ; Health problems related to alcoholism, prostitution; Occupational disease and accidents; Accidents; Deaths; Increase in violence and crime | Lack of work security, labour absenteeism, firings, unemployment | Loss of livelihood | Loss of traditional knowledge/practices/cultures | Militarization and increased police presence | Social problems (alcoholism, prostitution, etc..) | Specific impacts on women | Violations of human rights | Loss of landscape/sense of place | Displacement | Land dispossession | Increase in Corruption/Co-optation of different actors",Health / air pollution,Indigenous communities; Workers; Local residents,"Esso Highlands Ltd; ExxonMobil Corporation; Oil Search Ltd; Santos Ltd; JX Nippon Oil & Gas Exploration Corp; Government of the State of PNG; TotalEnergies; Export Credit Agency of Italy; Export-Import Bank of the United States; Export-Import Bank of China; Japan Bank for International Corporation; Export Finance Australia; International Petroleum Investment Company; UBS; National Government, Departments of Petroleum and Energy and Commerce and Industry, The Australian government has helped finance the project through its largest ever export credit loan. | [object Object],[object Object],[object Object]",Under construction,weak,contextual,Broader context only,,Direct LNG case,https://ejatlas.org/conflict/liquefied-natural-gas-project-papua-new-guinea,No additional coding note.
"Planta de licuefacción de gas de Sempra Energy en Ensenada, Baja California, México",Mexico,Baja California Norte,Ensenada,Port / logistics hub,Export / extraction,Broader LNG / environmental justice context,"Biodiversity loss (wildlife, agro-diversity); Desertification/Drought; Fires; Floods (river, coastal, mudflow); Food insecurity (crop damage); Genetic contamination; Soil contamination; Oil spills; Deforestation and loss of vegetation cover; Surface water pollution / Decreasing water (physico-chemical, biological) quality; Groundwater pollution or depletion; Large-scale disturbance of hydro and geological systems; Air pollution; Global warming; Loss of landscape/aesthetic degradation; Noise pollution; Accidents; Exposure to unknown or uncertain complex risks (radiation, etc…); Displacement | Loss of livelihood | Land dispossession | Increase in Corruption/Co-optation of different actors | Violations of human rights",Coastal / marine,Local residents,"Energía Costa Azul, S. de R.L. de C.; Infraestructura Energética Nova, S.A.B. de C.V.; Sempra Energy; Total SA; Chevron Polska Energy Resources Sp. z o.o.; Mitsui & Co., Ltd.; Tokyo Gas; Technip FMC; Ayuntamiento de Ensenada Secretaría de Energía del Gobierno Federal Secretaría de Medio Ambiente y Recursos Naturales (Semarnat) Agencia de Seguridad, Energía y Ambiente (ASEA) |",Under construction,strong,contextual,Broader context only,,Broader gas case with LNG linkage,https://ejatlas.org/conflict/planta-de-licuefaccion-de-gas-de-sempra-energy-en-ensenada-baja-california-mexico,No additional coding note.
"Militarisation of LNG Gas Liquefaction plant, Yemen","Yemen, Rep.",Shabwah,Balhaf,Liquefaction / export facility,Export / extraction,Broader LNG / environmental justice context,"Air pollution; Biodiversity loss (wildlife, agro-diversity); Desertification/Drought; Oil spills; Global warming; Food insecurity (crop damage); Exposure to unknown or uncertain complex risks (radiation, etc…); Malnutrition; Health problems related to alcoholism, prostitution; Infectious diseases; Accidents; Mental problems including stress, depression and suicide; Violence related health impacts (homicides, rape, etc..) ; Deaths; Social problems (alcoholism, prostitution, etc..) | Increase in Corruption/Co-optation of different actors | Displacement | Increase in violence and crime | Loss of livelihood | Militarization and increased police presence | Violations of human rights | Land dispossession",Coastal / marine,Workers,"SK Energy; Hunt Oil; TotalEnergies; Yemen Gas Company (YGC); Korea Gas Corporation (Kogas); Hyundai Corporation;  The General Authority for Social Security & Pensions (GASSP); Nippon Export and Investment Insurance (NEXI); Export-Import Bank of Korea (KEXIM); Japanese Bank for International Cooperation (JBIC) ; The Bank of Tokyo Mitsubishi UFJ; Citigroup Inc.; ING; Royal Bank of Scotland; Sumitomo Mitsui Banking Corporation (SMBC); Calyon; Saudi Arabian Government; Compagnie Française d'Assurance pour le Commerce Extérieur; BpiFrance; Societe Generale; BNP Paribas; Credit Agricole; Yemeni Government Saudi Arabian Government French Government (Possibly American, South Korean Governments as well) |",Operating,strong,contextual,Broader context only,,Direct LNG case,https://ejatlas.org/conflict/militerization-of-yemen-ngl-gas-liquefacation-site,No additional coding note.
"Afungi LNG airport and construction camps, Mozambique",Mozambique,Cabo Delgado province,Afungi,Port / logistics hub,Broader gas / LNG context,Broader LNG / environmental justice context,"Air pollution; Oil spills; Reduced ecological / hydrological connectivity; Groundwater pollution or depletion; Soil erosion; Large-scale disturbance of hydro and geological systems; Floods (river, coastal, mudflow); Food insecurity (crop damage); Soil contamination; Surface water pollution / Decreasing water (physico-chemical, biological) quality; Loss of landscape/aesthetic degradation; Biodiversity loss (wildlife, agro-diversity); Global warming; Deforestation and loss of vegetation cover; Noise pollution; Malnutrition; Mental problems including stress, depression and suicide; Violence related health impacts (homicides, rape, etc..) ; Health problems related to alcoholism, prostitution; Occupational disease and accidents; Infectious diseases; Deaths; Other Health impacts; Accidents; Increase in violence and crime | Loss of traditional knowledge/practices/cultures | Land dispossession | Social problems (alcoholism, prostitution, etc..) | Lack of work security, labour absenteeism, firings, unemployment | Loss of livelihood | Specific impacts on women | Militarization and increased police presence | Displacement | Loss of landscape/sense of place",Health / air pollution,Fishing and coastal communities; Workers; Local residents; Farmers; Women,Total SA; Gabriel Couto; NRV/Norvia; Anadarko Petroleum Corporation; LAM Mozambique Airlines; Empresa Nacional deHidrocarbonetos ENH ; Export-Import Bank of the United States; African Development Bank; Sociedade para o Financiamento do Desenvolvimento; Government of Mozambique Ministry of Health National Institute of Health (INS) Palma District Administration Ministry of Transport and Communications Ministry of Agriculture |,Operating,strong,contextual,Broader context only,,Direct LNG case,https://ejatlas.org/conflict/afungi-lng-construction-site,No additional coding note.
"Liquefied natural gas project -LNG 2,  Gydan peninsula, Arctic Russia",Russia,Yamalo-Nenets ,Gydan ,Liquefaction / export facility,Export / extraction,Direct EU supply / export-side context,"Biodiversity loss (wildlife, agro-diversity); Food insecurity (crop damage); Loss of landscape/aesthetic degradation; Global warming; Malnutrition; Occupational disease and accidents; Loss of landscape/sense of place | Displacement | Loss of traditional knowledge/practices/cultures",Indigenous rights / land,Indigenous communities; Fishing and coastal communities; Local residents,Novatek ; Total Nature Based Solutions; Ekropromstroy; President of France President of Russia |,Under construction,medium,core,Keep in core article,,Direct LNG case,https://ejatlas.org/conflict/liquefied-natural-gas-project-lng-2-gydan-peninsula-arctic-russia,No additional coding note.
"Sabetta port, Arctic Russia",Russia,Yamal Penninsula,"Sabetta, Gulf of Ob",Port / logistics hub,Broader gas / LNG context,Direct EU supply / export-side context,"Noise pollution; Soil contamination; Oil spills; Groundwater pollution or depletion; Fires; Reduced ecological / hydrological connectivity; Biodiversity loss (wildlife, agro-diversity); Global warming; Air pollution; Large-scale disturbance of hydro and geological systems; Accidents; Loss of traditional knowledge/practices/cultures | Loss of landscape/sense of place | Increase in Corruption/Co-optation of different actors",Water / pollution,Local residents,Gazprom; Novatek ; Rosmorport; Government of Russia |,Operating,strong,core,Keep in core article,,Broader gas case with LNG linkage,https://ejatlas.org/conflict/sabetta-port-arctic-russia,No additional coding note.
"Novatek's two gas fields in Yamalsky nature reserve, Yamal, Russia",Russia,Yamalo-Nenets Autonomous Okrug,Yamal peninsula,Extraction / gas field,Export / extraction,Direct EU supply / export-side context,"Fires; Noise pollution; Surface water pollution / Decreasing water (physico-chemical, biological) quality; Large-scale disturbance of hydro and geological systems; Deforestation and loss of vegetation cover; Loss of landscape/aesthetic degradation; Accidents; Displacement | Loss of livelihood | Loss of traditional knowledge/practices/cultures | Loss of landscape/sense of place | Increase in Corruption/Co-optation of different actors | Land dispossession",Indigenous rights / land,Indigenous communities; Local residents,government of the Yamalo-Nenets Autonomous Okrug to recommend changing the boundaries of the reserve. |,Planned,strong,core,Keep in core article,,Broader gas case with LNG linkage,https://ejatlas.org/conflict/novateks-two-new-gas-fields-on-protected-tundra-yamal-russia-federation,No additional coding note.
"Yamal Mega natural gas project, Arctic Russia",Russia,Yamalo-Nenets Autonomous Okrug,Bovanenkovo,Extraction / gas field,Export / extraction,Direct EU supply / export-side context,"Oil spills; Air pollution; Biodiversity loss (wildlife, agro-diversity); Fires; Global warming; Loss of landscape/aesthetic degradation; Noise pollution; Soil contamination; Waste overflow; Accidents; Exposure to unknown or uncertain complex risks (radiation, etc…); Malnutrition; Violations of human rights | Loss of landscape/sense of place | Increase in Corruption/Co-optation of different actors | Displacement | Lack of work security, labour absenteeism, firings, unemployment | Loss of livelihood | Loss of traditional knowledge/practices/cultures | Land dispossession",Indigenous rights / land,Indigenous communities; Local residents,Gazprom; Yamal LNG Russia; Russian Government |,Operating,medium,core,Keep in core article,,Broader gas case with LNG linkage,https://ejatlas.org/conflict/mega-natural-gas-project-yamal-arctic-russia,No additional coding note.
"Mozambique Gas Project, villagers dispossessed for off shore drilling, Cabo Delgado, Mozambique",Mozambique,Cabo Delgado Province,"Milamba, Quitupo, Senga, city of Palma",Port / logistics hub,Broader gas / LNG context,Broader LNG / environmental justice context,"Air pollution; Biodiversity loss (wildlife, agro-diversity); Fires; Global warming; Food insecurity (crop damage); Accidents; Exposure to unknown or uncertain complex risks (radiation, etc…); Other Health impacts; Specific impacts on women | Displacement | Increase in violence and crime | Loss of traditional knowledge/practices/cultures | Militarization and increased police presence | Violations of human rights | Land dispossession | Loss of landscape/sense of place | Other socio-economic impacts | Ethnic and religious tensions, Increase of Islamist groups, opposing gas drilling and suspected to be at the origin of civilians killings. Justiça Ambiental JA! FOE Moçambique denounced armed attacks in Maganja on January 20th 2019 (two people killed), and a journalist being illegally detained since January 5th 2019. An army battalion was present when the shooting happened but did not intervene to protect civilians.",Coastal / marine,Indigenous communities; Fishing and coastal communities; Workers; Local residents; Farmers; Women,"Anadarko Petroleum Corporation; Oil India Ltd.; PTT Exploration & Production Plc; ONGC Videsh Limited; Bharat PetroResources Ltd. ; Mitsui & Co., Ltd.; Mitsui E&P Mozambique Area1 Ltd. ; Royal Dutch Shell; Total Mocambique; Instituto Nacional de Petroleo, Mozambique Defence Armed Forces, Minstry of the Interior |",Under construction,strong,contextual,Broader context only,,Broader gas case with LNG linkage,https://ejatlas.org/conflict/cabo-delgado-communites-impacted-by-gas-exploration-projects,No additional coding note.
"Gas grabs, Algeria",Algeria,Country-wide conflict,Not specified clearly in live EJAtlas metadata.,Port / logistics hub,Export / extraction,Direct EU supply / export-side context,"Global warming; Large-scale disturbance of hydro and geological systems; Reduced ecological / hydrological connectivity; Fires; Surface water pollution / Decreasing water (physico-chemical, biological) quality; Groundwater pollution or depletion; Air pollution; Exposure to unknown or uncertain complex risks (radiation, etc…); Displacement | Loss of livelihood | Land dispossession | Loss of landscape/sense of place | Increase in Corruption/Co-optation of different actors | Lack of work security, labour absenteeism, firings, unemployment | Militarization and increased police presence | Violations of human rights | Other socio-economic impacts | Perception of ecologically and economic unequal trade, pludering of resources at national level",Water / pollution,Local residents,Sonatrach; Repsol; RWE power; EDISON International  ; Total Nature Based Solutions; Cepsa; Partes y Piezas SAC; BG Group; Statoil; Petroceltic; British Petroleum; Government of Algeria European Commission |,Operating,unknown,core,Keep in core article,,Broader gas / EJ case,https://ejatlas.org/conflict/gas-grabs-algeria,No additional coding note.
"Gladstone key node for coal, gas and aluminium, Australia",Australia,Queensland (QLD),Gladstone,LNG terminal,Import / export terminal,Broader LNG / environmental justice context,"Soil erosion; Air pollution; Biodiversity loss (wildlife, agro-diversity); Deforestation and loss of vegetation cover; Surface water pollution / Decreasing water (physico-chemical, biological) quality; Large-scale disturbance of hydro and geological systems; Global warming; Loss of landscape/aesthetic degradation; Noise pollution; Accidents; Deaths; Health problems related to alcoholism, prostitution; Other environmental related diseases; Other Health impacts; Land dispossession | Social problems (alcoholism, prostitution, etc..) | Displacement | Loss of traditional knowledge/practices/cultures | Destruction of aboriginal people sacred sites for the construction of the LNG terminals [6]",Water / pollution,Indigenous communities; Fishing and coastal communities; Workers; Local residents; Migrant workers,"China National Offshore Oil Corporation, or CNOOC Group; Santos Ltd; TotalEnergies; Petróleo Brasileiro S.A; Korea Gas Corporation; Tokyo Gas; Sinopec; Global Infrastructure Partners; Royal Dutch Shell; ConocoPhillips Co.; Origin Energy; Gladstone Ports Corporation; RUSAL; Aquila Resources; Glencore  ; Coronado Global Resources Inc; Yancoal; Boyne Smelters Ltd; NRG Energy; SLMA GPS Pty Ltd; Rio Tinto ; Orica Australia; Cement Australia; YKK Group; UACJ Corporation; Southern Cross Aluminium; Ryowa Corporation; Banco Santander; German Development Bank KfW; Korea Development Bank; Commonwealth Bank of Australia; China Development Bank; The Bank of Tokyo Mitsubishi UFJ; Bank of Scotland International; DBS Bank Ltd; Bank of China; Industrial and Commercial Bank of China; ING; Export-Import Bank of the United States;  Japan Bank for International Cooperation; BNP Paribas; Export Finance Australia; China Export Import Bank; Export Development Canada; Westpac; National Australia Bank; Mizuho Bank; Sumitomo Mitsui Banking Corporation (SMBC); HSBC Bank; Societe Generale; Banco Bilbao Vizcaya Argentaria (BBVA); DNB Bank; Australia and New Zealand Banking Group Limited; - Gladstone Regional Council - Queensland State Government - Department of the Coordinator General - Department of Environment and Science, Queensland Government |",Operating,medium,contextual,Broader context only,,Direct LNG case,https://ejatlas.org/conflict/gladstone,No additional coding note.
"Vostok mega oil project, Taymyr, Arctic Russia",Russia,Krasnoyarsk Krai,Taymyr,Pipeline,Transit,Broader LNG / environmental justice context,"Fires; Food insecurity (crop damage); Soil contamination; Soil erosion; Waste overflow; Oil spills; Deforestation and loss of vegetation cover; Surface water pollution / Decreasing water (physico-chemical, biological) quality; Groundwater pollution or depletion; Large-scale disturbance of hydro and geological systems; Air pollution; Biodiversity loss (wildlife, agro-diversity); Global warming; Loss of landscape/aesthetic degradation; Noise pollution; Accidents; Malnutrition; Mental problems including stress, depression and suicide; Displacement | Increase in violence and crime | Increase in Corruption/Co-optation of different actors | Loss of livelihood | Loss of traditional knowledge/practices/cultures | Land dispossession | Loss of landscape/sense of place",Water / pollution,Indigenous communities; Fishing and coastal communities; Local residents,Rosneft; Neftegazholding,Under construction,strong,contextual,Broader context only,,Broader gas case with LNG linkage,https://ejatlas.org/conflict/mega-oil-project-dudinka-taymyr-russian-arctic,No additional coding note.
"Digby Island proposed Nexen Aurora LNG (fracked gas) export facility, BC, Canada",Canada,British Columbia,Dodge Cove,Port / logistics hub,Export / extraction,Broader LNG / environmental justice context,"Air pollution; Biodiversity loss (wildlife, agro-diversity); Fires; Global warming; Loss of landscape/aesthetic degradation; Soil contamination; Soil erosion; Oil spills; Surface water pollution / Decreasing water (physico-chemical, biological) quality; Large-scale disturbance of hydro and geological systems; Other Environmental impacts; Noise pollution; Accidents; Exposure to unknown or uncertain complex risks (radiation, etc…); Mental problems including stress, depression and suicide; Violence related health impacts (homicides, rape, etc..) ; Health problems related to alcoholism, prostitution; Increase in Corruption/Co-optation of different actors | Displacement | Increase in violence and crime | Loss of livelihood | Loss of traditional knowledge/practices/cultures | Militarization and increased police presence | Social problems (alcoholism, prostitution, etc..) | Specific impacts on women | Violations of human rights | Land dispossession | Loss of landscape/sense of place",Water / pollution,Indigenous communities; Fishing and coastal communities; Local residents,"Nexen; China National Offshore Oil Company; INPEX Corporation; Aurora LNG; JGC Corporation; National - Liberal Party (Justin Trudeau ­ prime minister) Provincial - before 2017 election BC Liberal Party (CHristy CLark premier) - after 2017 election New Democratic Party (John Horgan premier), in coalition with Greens |",Planned,strong,contextual,Broader context only,,Direct LNG case,https://ejatlas.org/conflict/digby-island-proposed-nexxen-aurora-lng-fracked-gas-export-facility-bc-canada,No additional coding note.
"Gitwilgyoots and Lelu Island (Lax U'u'la) vs proposed Petronas LNG export facility, Canada",Canada,British Columbia,Lelu Island,Port / logistics hub,Export / extraction,Broader LNG / environmental justice context,"Food insecurity (crop damage); Global warming; Noise pollution; Surface water pollution / Decreasing water (physico-chemical, biological) quality; Large-scale disturbance of hydro and geological systems; Reduced ecological / hydrological connectivity; Accidents; Exposure to unknown or uncertain complex risks (radiation, etc…); Violence related health impacts (homicides, rape, etc..) ; Health problems related to alcoholism, prostitution; Increase in violence and crime | Loss of livelihood | Loss of traditional knowledge/practices/cultures | Social problems (alcoholism, prostitution, etc..) | Specific impacts on women | Violations of human rights | Land dispossession | Loss of landscape/sense of place | Increase in Corruption/Co-optation of different actors",Water / pollution,Indigenous communities; Fishing and coastal communities; Workers; Local residents,PETRONAS; BC Liberals (Christy Clark- premier) Liberal Party (Justin Trudeau - prime minister) |,Cancelled / suspended,strong,contextual,Broader context only,,Direct LNG case,https://ejatlas.org/conflict/gitwilgyoots-and-lelu-island-lax-uula-vs-proposed-petronas-lng-export-facility,No additional coding note.
"Woodside's Burrup gas hub threatens ancient aboriginal sacred art, Western Australia",Australia,"Pilbara, Western Australia",Murujuga,Liquefaction / export facility,Broader gas / LNG context,Broader LNG / environmental justice context,"Surface water pollution / Decreasing water (physico-chemical, biological) quality; Oil spills; Biodiversity loss (wildlife, agro-diversity); Global warming; Air pollution; Loss of landscape/aesthetic degradation; Exposure to unknown or uncertain complex risks (radiation, etc…); Other Health impacts; Increase in violence and crime | Loss of livelihood | Land dispossession | Other socio-economic impacts | Loss of traditional knowledge/practices/cultures",Indigenous rights / land,Indigenous communities; Workers; Local residents,"Mitsubishi Corporation; Mitsui & Co., Ltd; Kansai Electric Power Co; Tokyo Gas; Woodside Energy; British Petroleum; Chevron Polska Energy Resources Sp. z o.o.; Royal Dutch Shell; Global Infrastructure Partners; Orica Australia; Yara; Perdaman Industries (Chemicals & Fertilisers); Rio Tinto ; - Western Australia (WA) Environmental Protection Authority (EPA) - Federal Environment Minister |",Planned,strong,contextual,Broader context only,,Broader gas case with LNG linkage,https://ejatlas.org/conflict/scarborough-gas-project,No additional coding note.
"Gazoduq pipeline and Energie Saguenay terminal, Quebec, Canada",Canada,Ontario and Quebec,"Between north-Eastern Ontario and Saguenay, Quebec",Pipeline,Transit,Broader LNG / environmental justice context,"Fires; Food insecurity (crop damage); Soil erosion; Oil spills; Surface water pollution / Decreasing water (physico-chemical, biological) quality; Reduced ecological / hydrological connectivity; Air pollution; Biodiversity loss (wildlife, agro-diversity); Global warming; Loss of landscape/aesthetic degradation; Noise pollution; Deforestation and loss of vegetation cover; Large-scale disturbance of hydro and geological systems; Accidents; Mental problems including stress, depression and suicide; Occupational disease and accidents; Deaths; Other Health impacts; Displacement | Other socio-economic impacts | Loss of traditional knowledge/practices/cultures | Militarization and increased police presence | Violations of human rights | Land dispossession | Loss of landscape/sense of place | Loss of livelihood | Loss of ecotourism value, income. Potential impact to farmers",Indigenous rights / land,Indigenous communities; Local residents; Women,Gazoduq; GNL Québec ;  Breyer Capital; Freestone International; Quebec Government Ministry of Environment Ministry of Energy and Natural Resources Premier of Quebec Federal Government Transport maritime Federal Minister of Environment Minister of Energy Natural Resource Canada National Energy Board BAP (Bureau d'audiences publiques sur l'environnement) Wendat de Quebec First Nation Atikamekw First Nation Cree First Nations Anishnaabe First Nations Malécites First Nation Innu First Nations |,Planned,medium,contextual,Broader context only,,Broader gas case with LNG linkage,https://ejatlas.org/conflict/gazoduq-natural-gas-pipeline-quebec-canada,No additional coding note.
"Dawei Special Economic Zone (SEZ) and Deep Sea port, Tanintharyi, Myanmar",Myanmar,Tanintharyi,Dawei,Port / logistics hub,Broader gas / LNG context,Broader LNG / environmental justice context,"Air pollution; Biodiversity loss (wildlife, agro-diversity); Global warming; Noise pollution; Soil contamination; Waste overflow; Deforestation and loss of vegetation cover; Surface water pollution / Decreasing water (physico-chemical, biological) quality; Groundwater pollution or depletion; Reduced ecological / hydrological connectivity; Large-scale disturbance of hydro and geological systems; Food insecurity (crop damage); Loss of landscape/aesthetic degradation; Floods (river, coastal, mudflow); Soil erosion; Mental problems including stress, depression and suicide; Loss of landscape/sense of place | Specific impacts on women | Violations of human rights | Displacement | Loss of livelihood | Loss of traditional knowledge/practices/cultures | Land dispossession | Militarization and increased police presence | Other socio-economic impacts | Increase in Corruption/Co-optation of different actors | massive rise in land prices, related speculation and squeezing out of farmers and villagers from the area [e].",Water / pollution,Indigenous communities; Fishing and coastal communities; Workers; Local residents; Farmers; Women; Migrant workers,"Italian-Thai Development Public Company Limited; Dawei Development Company Ltd.; Max Myanmar Holding Co., Ltd.; Special Purpose Vehicle (SPV) company; Dawei SEZ Development Company Ltd; Myandawei Industrial Estate Company Ltd. (MIE) ; Rojana Industrial Park Public Company Ltd; LNG Plus International Company Ltd.; Environmental Resource Management; Japan International Cooperation Agency (JICA); Japanese Bank for International Cooperation (JBIC) ; Government of Myanmar Government of Thailand Government of Japan |",Under construction,strong,contextual,Broader context only,,Broader gas / EJ case,https://ejatlas.org/conflict/dawei-sez-tanintharyi-region-myanmar,No additional coding note.
"Gitxsan First Nation Chiefs Prohibit Pipelines in Territory, Canada",Canada,British Columbia ,"Gitxsan territory, some near Hazelton",Pipeline,Transit,Broader LNG / environmental justice context,"Biodiversity loss (wildlife, agro-diversity); Loss of landscape/aesthetic degradation; Noise pollution; Soil erosion; Deforestation and loss of vegetation cover; Surface water pollution / Decreasing water (physico-chemical, biological) quality; Groundwater pollution or depletion; Large-scale disturbance of hydro and geological systems; Other Environmental impacts; Accidents; Exposure to unknown or uncertain complex risks (radiation, etc…); Mental problems including stress, depression and suicide; Occupational disease and accidents; Deaths; Other environmental related diseases; Increase in Corruption/Co-optation of different actors | Displacement | Increase in violence and crime | Lack of work security, labour absenteeism, firings, unemployment | Loss of livelihood | Loss of traditional knowledge/practices/cultures | Militarization and increased police presence | Social problems (alcoholism, prostitution, etc..) | Specific impacts on women | Violations of human rights | Land dispossession | Loss of landscape/sense of place",Health / air pollution,Indigenous communities; Fishing and coastal communities; Local residents,TransCanada Corp.; Pacific NorthWest LNG; Progress Energy Canada Ltd.; PETRONAS; Canadian government; British Columbia provincial government; Gitxsan authorities; Gitxsan Treaty Society; Tsimshian First Nation; B.C. Treaty Commission and Crowns |,Planned,strong,contextual,Broader context only,,Broader gas case with LNG linkage,https://ejatlas.org/conflict/rupert-gas-transmission-pipeline-prohibition,No additional coding note.
"Luangwa Community Forests REDD+ Project (LCFP), Zambia",Zambia,Eastern Province,Not specified clearly in live EJAtlas metadata.,Port / logistics hub,Broader gas / LNG context,Broader LNG / environmental justice context,"Biodiversity loss (wildlife, agro-diversity); Global warming; Increase in Corruption/Co-optation of different actors | Loss of traditional knowledge/practices/cultures | Violations of human rights | Land dispossession | Loss of livelihood | Loss of landscape/sense of place | Other socio-economic impacts | Violation of Free, Prior and Informed Consent",Health / air pollution,Indigenous communities; Local residents; Farmers,"Eni group; BioCarbon Partners; TotalEnergies; Verra; McKinsey & Company; OMV Gas Marketing & Trading GmbH; Bayer; United States Agency for International Development (USAID)  ; Climate, Community & Biodiversity Alliance; Zambian Forestry Department Zambian Department of National Parks and Wildlife Zambian Ministry of Agriculture Zambian Ministry of Green Economy and Environment |",Operating,medium,contextual,Broader context only,,Direct LNG case,https://ejatlas.org/conflict/luangwa-community-forests-project-lcfp-redd,No additional coding note.
"Parque Nacional Cordillera Azul (PNCAZ) REDD+ Project, Peru",Peru,"Departamentos de Loreto, Huánuco, San Martín y Ucayali, Peru",Puerto Franco,Port / logistics hub,Broader gas / LNG context,Broader LNG / environmental justice context,"Loss of landscape/aesthetic degradation; Biodiversity loss (wildlife, agro-diversity); Global warming; Reduced ecological / hydrological connectivity; Other Environmental impacts; Soil erosion; Food insecurity (crop damage); Deforestation and loss of vegetation cover; Malnutrition; Mental problems including stress, depression and suicide; Violence related health impacts (homicides, rape, etc..) ; Deaths; Increase in Corruption/Co-optation of different actors | Loss of traditional knowledge/practices/cultures | Loss of landscape/sense of place | Displacement | Increase in violence and crime | Loss of livelihood | Militarization and increased police presence | Violations of human rights | Land dispossession | Other socio-economic impacts | Violation of Free, Prior and Informed Consent (FPIC) right",Indigenous rights / land,Indigenous communities; Fishing and coastal communities; Local residents; Farmers; Migrant workers,"Centro Conservación, Investigación y Manejo de Áreas Naturales; The Procter & Gamble Company (P&G); BHP Group Limited; Total Nature Based Solutions; Verra; Royal Dutch Shell; Delta Air Lines; Etihad Airways; Ecosphere+ ; TotalEnergies; Stand For Trees; Lima Expresa; SCS Global Service; Compañía Española de Petróleos, S.A.U.; Enagás, S.A.; British Airways; Kuehne + Nagel International AG; Ben & Jerry's Homemade Holdings Inc.; Gazprom; Qantas Airways Limited; ENEOS Corporation; Tokyo Gas Co., Ltd; CPC Corporation ; China National Offshore Oil Corporation; Repsol; International Union for the Conservation of Nature; Bank of America; The World Bank; Althelia Climate Fund; Mirova S.A.; Radicle BMO; United States Agency for International Development (USAID)  ; Gordon and Betty Moore Foundation; Fundación Packard; Ministerio de Ambiente de Peru (MINAM) Servicio Nacional de Áreas Naturales Protegidas por el Estado de Peru (SERNAP) |",Operating,medium,contextual,Broader context only,,Broader gas case with LNG linkage,https://ejatlas.org/conflict/cordillera-azul-national-park-canp-peru,No additional coding note.
"Local Residents Protest Sea-3 Liquid Propane Gas Expansion, Providence, Rhode Island, USA",United States,Rhode Island,Washington Park and Lower South Providence neighborhoods,Port / logistics hub,Broader gas / LNG context,Indirect EU supply chain / export-side context,"Air pollution; Fires; Noise pollution; Soil contamination; Oil spills; Surface water pollution / Decreasing water (physico-chemical, biological) quality; Biodiversity loss (wildlife, agro-diversity); Global warming; Accidents; Exposure to unknown or uncertain complex risks (radiation, etc…); Deaths; Other environmental related diseases; Other Health impacts; Increase in Corruption/Co-optation of different actors | Displacement",Water / pollution,Local residents,"Sea-3 Providence, LLC; ProvPort, Inc.; Blackline Midstream LLC; - State of Rhode Island Office of Energy Resources - Providence City Council - State of Rhode Island Public Utilities Commission and Division of Public Utilities and Carriers - Office of Attorney General Peter Neronha - City of Providence - Energy Facilities Siting Board (EFSB) - Environmental Protection Agency (EPA) |",Planned,strong,core-provisional,Keep in core article with scope note,East Coast,Broader gas case with LNG linkage,https://ejatlas.org/conflict/sea-3-liquid-propane-gas-expansion-providence-rhode-island-usa,No additional coding note.
"Brunsbüttel LNG Terminal, Germany",Germany,Schleswig-Holstein,Brunsbüttel,LNG terminal,Import / regasification,Direct EU supply / importing infrastructure,"Global warming; Air pollution; Accidents; Occupational disease and accidents; Exposure to unknown or uncertain complex risks (radiation, etc…); Mental problems including stress, depression and suicide; Other socio-economic impacts | Loss of livelihood | Increase in violence and crime | Unnecessary investments in new LNG infrastructure, which may lead to excessive reliance on fossil fuels that contradicts the German energy plan ""Energiewende""",Water / pollution,Local residents,INEOS Group Limited; Grupo Cobra; Sener; RWE; Vopak LNG Holding B.V.; Gasunie LNG Holding B.V.; Oiltanking GmbH; QatarEnergy; Tokyo Gas; ConocoPhillips Co.; KFW Bank; - European Commission - German Federal Government - Prime Minister of Schleswig-Holstein (Daniel Günther) - Mayor of Hamburg (Peter Tschentscher) |,Operating,medium,core,Keep in core article,,Direct LNG case,https://ejatlas.org/conflict/ende-gelande-against-brunsbuttel-lng-double-cost-for-german-energy-independence-germany,No additional coding note.
"STOP Gdansk LNG terminal, Poland",Poland,Pomeranian Voivodeship,Gdańsk,LNG terminal,Import / regasification,Broader LNG / environmental justice context,"Global warming; Other Environmental impacts; Accidents; Other socio-economic impacts | Increased gas prices, and increased vulnerability of the energy system to geopolitical conflicts, slowdown of energy transition into renewable energy",Health / air pollution,Local residents,GAZ-SYSTEM; PGNIG; - European Union - Polish Government - Climate Ministry |,Planned,weak,contextual,Broader context only,,Direct LNG case,https://ejatlas.org/conflict/stop-gdansk-lng-terminal-poland,No additional coding note.
"Santos' Barossa offshore gas “scraping the bottom of the barrel” in Timor Sea, NT, Australia",Australia,Northern Territory,Darwin,Extraction / gas field,Broader gas / LNG context,Broader LNG / environmental justice context,"Noise pollution; Biodiversity loss (wildlife, agro-diversity); Global warming; Oil spills; Loss of traditional knowledge/practices/cultures | Other socio-economic impacts | Potential negative impacts on fish stocks [24] Potential failure of former prior and informed consent (FPIC) with indigenous communities [19]",Indigenous rights / land,Indigenous communities; Local residents,"SK E&S; Santos Ltd; JERA Co., Inc.; ConocoPhillips Co.; Korea Trade Insurance Corporation;  Japan Bank for International Cooperation; Export-Import Bank of Korea (KEXIM); - National Offshore Petroleum Safety and Environment Management Authority (NOPSEMA) - Australian Government |",Under construction,medium,contextual,Broader context only,,Broader gas case with LNG linkage,https://ejatlas.org/conflict/santos-barossa-offshore-gas-scraping-the-bottom-of-the-barrel-in-timor-sea-nt-australia,No additional coding note.
"Great Nicobar development plan, Nicobar islands, India",India,Union Territory of Andaman and Nicobar Islands,Nicobar Islands,Port / logistics hub,Broader gas / LNG context,Broader LNG / environmental justice context,"Air pollution; Biodiversity loss (wildlife, agro-diversity); Floods (river, coastal, mudflow); Global warming; Loss of landscape/aesthetic degradation; Noise pollution; Deforestation and loss of vegetation cover; Surface water pollution / Decreasing water (physico-chemical, biological) quality; Groundwater pollution or depletion; Large-scale disturbance of hydro and geological systems; Reduced ecological / hydrological connectivity; Oil spills; Mental problems including stress, depression and suicide; Displacement | Loss of livelihood | Loss of traditional knowledge/practices/cultures | Land dispossession | Loss of landscape/sense of place | Violations of human rights | Other socio-economic impacts",Water / pollution,Indigenous communities; Workers; Local residents,"AECOM India Private Ltd. ; Water And Power Consultancy Services Limited; Andaman and Nicobar Islands Integrated Development Corporation Limited (ANIIDCO) NITI Aayog Ministry of Environment, Forest and Climate Change (MoEFCC) National Board for Wildlife (NBWL) Ministry of Ports, Shipping and Waterways Environmental Appraisal Committee |",Planned,strong,contextual,Broader context only,,Broader gas / EJ case,https://ejatlas.org/conflict/great-nicobar-development-plan,No additional coding note.
"Oil and Gas Exploration in the Kavango region threatens San People and Endangered Wildlife, Botswana-Namibia",Namibia,Not specified clearly in live EJAtlas metadata.,"Kavango provinces  in Namibia, and the North-West region in Botswana",Port / logistics hub,Broader gas / LNG context,Broader LNG / environmental justice context,"Air pollution; Fires; Food insecurity (crop damage); Global warming; Soil contamination; Waste overflow; Oil spills; Deforestation and loss of vegetation cover; Surface water pollution / Decreasing water (physico-chemical, biological) quality; Groundwater pollution or depletion; Large-scale disturbance of hydro and geological systems; Reduced ecological / hydrological connectivity; Biodiversity loss (wildlife, agro-diversity); Mine tailing spills; Noise pollution; Exposure to unknown or uncertain complex risks (radiation, etc…); Increase in Corruption/Co-optation of different actors | Displacement | Loss of livelihood | Loss of traditional knowledge/practices/cultures | Specific impacts on women | Violations of human rights | Land dispossession | Loss of landscape/sense of place",Water / pollution,Indigenous communities; Local residents; Farmers,"ReconAfrica; National Petroleum Corporation of Namibia (NAMCO); UNESCO, USAID, Government of Namibia, Government of Botswana |",Planned,medium,contextual,Broader context only,,Broader gas case with LNG linkage,https://ejatlas.org/conflict/kavango-oil-botswana-namibia,No additional coding note.
"Cancellation of Korean 2nd coal plant in Sual, Pangasinan, Luzon, Philippines",Philippines,"Province of Pangasinan, Philippines", Municipality of Sual,Other LNG-related infrastructure,Broader gas / LNG context,Broader LNG / environmental justice context,"Food insecurity (crop damage); Loss of landscape/aesthetic degradation; Soil contamination; Surface water pollution / Decreasing water (physico-chemical, biological) quality; Groundwater pollution or depletion; Global warming; Air pollution; Other environmental related diseases; Loss of traditional knowledge/practices/cultures | Land dispossession | Displacement | Lack of work security, labour absenteeism, firings, unemployment | Loss of livelihood | Farmers resport a downward trend in their rice harvestts since the operation of the 1st Sual Power Plant. The second coal power plant would be located along the coast of Lingayen Gulf, an environmentally critical area important to fishing [7] communities and tourism. Therefore, the traditional practices and economies would be harmed.",Water / pollution,Local residents,SK Engineering & Construction Co. Ltd.; Korean Electric Power Corp. (KEPCO) Philippines; Local Governments of Sual and Pangasinan. Philippine Government South Korean Government |,Cancelled / suspended,medium,contextual,Broader context only,,Broader gas case with LNG linkage,https://ejatlas.org/conflict/2nd-coal-plant-in-sual,No additional coding note.
"Skulte LNG Terminal and Pipeline, Latvia",Latvia,Not specified clearly in live EJAtlas metadata.,"Saulkrasti municipality, Limbaži municipality, Sēja Municipality, Krimulda Municipality",Pipeline,Import / regasification,Direct EU supply / importing infrastructure,"Biodiversity loss (wildlife, agro-diversity); Fires; Loss of landscape/aesthetic degradation; Noise pollution; Soil contamination; Deforestation and loss of vegetation cover; Air pollution; Global warming; Other environmental related diseases; Exposure to unknown or uncertain complex risks (radiation, etc…); Accidents; Displacement | Other socio-economic impacts | Loss of landscape/sense of place | Increase in Corruption/Co-optation of different actors | Reduced property value in the area, risk of losing businesses within the tourism industry",Health / air pollution,Local residents,Skulte LNG Terminal; Vides konsultāciju birojs; Ministry of Environmental Protection and Regional Development of the Republic of Latvia; Environment State Bureau; Saulkrasti Municipality; Limbaži Municipality; Sēja Municipality; Krimulda Municipality; Virši-A; Sabiedrisko pakalpojumu regulēšanas komisija or SPRK Augstsprieguma tīkls AS Energopārvaldības centrs Ministru kabinets |,Planned,strong,core,Keep in core article,,Direct LNG case,https://ejatlas.org/conflict/skulte-lng-terminal-and-pipeline-latvia,No additional coding note.
"Komo Airfield, Papua New Guinea",Papua New Guinea,Hela Province,Komo-Magarima District,Pipeline,Transit,Broader LNG / environmental justice context,"Food insecurity (crop damage); Oil spills; Soil contamination; Groundwater pollution or depletion; Air pollution; Biodiversity loss (wildlife, agro-diversity); Global warming; Loss of landscape/aesthetic degradation; Noise pollution; Deforestation and loss of vegetation cover; Large-scale disturbance of hydro and geological systems; Soil erosion; Reduced ecological / hydrological connectivity; Floods (river, coastal, mudflow); Surface water pollution / Decreasing water (physico-chemical, biological) quality; Malnutrition; Accidents; Mental problems including stress, depression and suicide; Violence related health impacts (homicides, rape, etc..) ; Occupational disease and accidents; Displacement | Loss of livelihood | Loss of traditional knowledge/practices/cultures | Militarization and increased police presence | Violations of human rights | Land dispossession | Loss of landscape/sense of place | Increase in violence and crime | Specific impacts on women | Other socio-economic impacts | Increase in Corruption/Co-optation of different actors | Social problems (alcoholism, prostitution, etc..) | Inter-clan conflict",Water / pollution,Indigenous communities; Workers; Local residents; Farmers; Women,ExxonMobil Corporation; Aurecon ; WT PARTNERSHIP ; Coffey Natural Systems ; Volga-Dnepr Airlines; McConnell Dowell ; D'Appolonia; Consolidated Contractors Company ; National Airports Corporation ; Clough Curtain Joint Venture ; Government of Papua New Guinea Hela Province National Disaster Centre (NDC) |,Operating,strong,contextual,Broader context only,,Direct LNG case,https://ejatlas.org/conflict/komo-airport,No additional coding note.
"New Hampshire's Granite Bridge Gas Pipeline, United States",United States,New Hampshire,"Stratham to Manchester, NH (with 2 billion cubic-feet liquid nat gas storage tank in Epping)",Pipeline,Transit,Indirect EU supply chain / export-side context,"Air pollution; Biodiversity loss (wildlife, agro-diversity); Fires; Global warming; Loss of landscape/aesthetic degradation; Noise pollution; Soil contamination; Waste overflow; Surface water pollution / Decreasing water (physico-chemical, biological) quality; Groundwater pollution or depletion; Other environmental related diseases; Other Health impacts; Land dispossession | Other socio-economic impacts",Coastal / marine,Local residents; Farmers; Women,Liberty Utilities; Energy North Natural Gas; NH Public Utilities Commission (NHPUC) US Department of Transportation Pipeline and Hazardous Materials Safety Administration (PHMSA) Rockingham Planning Commission |,Planned,medium,core-provisional,Keep in core article with scope note,East Coast,Broader gas case with LNG linkage,https://ejatlas.org/conflict/new-hampshires-granite-bridge-gas-pipeline-united-states,No additional coding note.
"Unistoten Camp, BC, Canada",Canada,British Columbia,Houston,Pipeline,Transit,Broader LNG / environmental justice context,"Food insecurity (crop damage); Loss of landscape/aesthetic degradation; Soil erosion; Oil spills; Surface water pollution / Decreasing water (physico-chemical, biological) quality; Mine tailing spills; Air pollution; Biodiversity loss (wildlife, agro-diversity); Soil contamination; Deforestation and loss of vegetation cover; Large-scale disturbance of hydro and geological systems; Reduced ecological / hydrological connectivity; Global warming; Other environmental related diseases; Mental problems including stress, depression and suicide; Violence related health impacts (homicides, rape, etc..) ; Specific impacts on women | Violations of human rights | Land dispossession | Loss of livelihood | Increase in Corruption/Co-optation of different actors | Loss of traditional knowledge/practices/cultures | Militarization and increased police presence | Loss of landscape/sense of place",Water / pollution,Indigenous communities; Fishing and coastal communities; Workers; Local residents; Women,Apache Corp.; EnCana Corp; EOG Resources; Chevron Polska Energy Resources Sp. z o.o.; Royal Dutch Shell; Shell Canada Limited; Mitsubishi Corp.; Korean Gas Corporation; LNG Canada consortium ; Coastal Gas Link; TransCanada; BC Provincial Government BC Courts Wet'suwet'en Hereditary Chiefs RCMP |,Operating,medium,contextual,Broader context only,,Broader gas case with LNG linkage,https://ejatlas.org/conflict/unistoten-camp-v-the-ptp-pipeline-bc-canada,No additional coding note.
"Poland's last coal-fired power plant, Ostrołęka, Mazovia",Poland,Mazovian Voivodeship,Rzekuń Commune,Pipeline,Transit,Broader LNG / environmental justice context,"Air pollution; Biodiversity loss (wildlife, agro-diversity); Global warming; Noise pollution; Deforestation and loss of vegetation cover; Surface water pollution / Decreasing water (physico-chemical, biological) quality; Groundwater pollution or depletion; Occupational disease and accidents; Deaths; Other environmental related diseases; Accidents; Lack of work security, labour absenteeism, firings, unemployment | Other socio-economic impacts | Loss of GDP due to increased morbidity and premature death of inhabitants (P)",Water / pollution,Local residents,Enea SA; PKN Orlen; GE Power; Polimex Mostostal Capital Group; Mostostal Warszawa; Energa SA; Torpol SA; Zakłady Automatyki KOMBUD SA; PHB Weserhütte; PolskaGrupaGórnicza; PolskieSieciElektroenergetyczne SA; mBank SA; ING Bank Śląski; Powszechna Kasa Oszczędności Bank Polski Spółka Akcyjna - PKO Bank Polski S.A.; Bank Polska Kasa Opieki Spółka Akcyjna (shortly Bank Pekao S.A); - Ministry of Energy (Poland) - liquidated in 2019 - Ministry of State Assets (Poland) |,Under construction,strong,contextual,Broader context only,,Broader gas / EJ case,https://ejatlas.org/conflict/polands-last-coal-fired-power-plant-ostroleka-mazovia,No additional coding note.
"Akita coal-fired power project, Japan",Japan,Akita prefecture,Akita City,Port / logistics hub,Broader gas / LNG context,Broader LNG / environmental justice context,"Air pollution; Global warming; Loss of landscape/aesthetic degradation; Noise pollution; Soil contamination; Surface water pollution / Decreasing water (physico-chemical, biological) quality; Accidents; Exposure to unknown or uncertain complex risks (radiation, etc…); Displacement | Specific impacts on women | Violations of human rights",Health / air pollution,Local residents,Kansai Electric Power Co; Marubeni ,Cancelled / suspended,strong,contextual,Broader context only,,Broader gas case with LNG linkage,https://ejatlas.org/conflict/akita-coal-fired-power-project,No additional coding note.
"Dangjin Coal-Fired Power Complex, South Korea",Republic of Korea,Chungcheong Province,"Located at Gyoro-ri, Seokmun-myeon, Dangjin-si",Port / logistics hub,Broader gas / LNG context,Broader LNG / environmental justice context,"Food insecurity (crop damage); Surface water pollution / Decreasing water (physico-chemical, biological) quality; Air pollution; Global warming; Deaths; Other environmental related diseases; Displacement | Loss of livelihood",Health / air pollution,Local residents; Farmers,Korea  East- West Power Company; Korea Electric Power  Corporation (KEPCO); The South Korean government (directly and indirectly) owns a 51.11% shares of KEPCO. |,Operating,weak,contextual,Broader context only,,Broader gas case with LNG linkage,https://ejatlas.org/conflict/dangjin-coal-fired-power-complex,No additional coding note.
"Protests against floating LNG terminal, Krk island, Croatia",Croatia,Primorsko-Goranska ,Krk,FLNG,Broader gas / LNG context,Direct EU supply / importing infrastructure,"Air pollution; Biodiversity loss (wildlife, agro-diversity); Global warming; Loss of landscape/aesthetic degradation; Waste overflow; Surface water pollution / Decreasing water (physico-chemical, biological) quality; Groundwater pollution or depletion; Fires; Accidents; Exposure to unknown or uncertain complex risks (radiation, etc…); Loss of landscape/sense of place | Increase in Corruption/Co-optation of different actors",Water / pollution,Local residents,Hrvatska elektroprivreda d.d. ; Cheniere Energy; Plinacro ; European Comission; LNG Hrvatska (LNG Croatia); European Commission (Networks Executive Agency (INEA)); Croatian State |,Under construction,strong,core,Keep in core article,,Direct LNG case,https://ejatlas.org/conflict/protests-against-floating-lng-terminal-krk-island-croatia,No additional coding note.
"Gazprom's Obskaya – Bovanenkovo railroad in  Yamal peninsula, Arctic Russia",Russia,Yamal Penninsula,Bovanenkovo,Port / logistics hub,Export / extraction,Broader LNG / environmental justice context,"Floods (river, coastal, mudflow); Noise pollution; Air pollution; Genetic contamination; Global warming; Loss of landscape/aesthetic degradation; Biodiversity loss (wildlife, agro-diversity); Other socio-economic impacts | Loss of livelihood | Land dispossession | Loss of traditional knowledge/practices/cultures | Loss of landscape/sense of place | Sacredness values are threatened",Water / pollution,Indigenous communities; Workers; Local residents; Farmers,Gazprom,Operating,strong,contextual,Broader context only,,Broader gas case with LNG linkage,https://ejatlas.org/conflict/obskaya-bovanenkovo-railroad-arctic-russia,No additional coding note.
"Soga coal power plant, Chiba, Japan",Japan,Chiba,Chiba,Port / logistics hub,Broader gas / LNG context,Broader LNG / environmental justice context,Air pollution; Global warming; Other Environmental impacts; Other environmental related diseases; Other Health impacts; Loss of landscape/sense of place,Health / air pollution,Local residents,Kawasaki Steel; Chugoku Electric Power; JFE Steel; Tokyo Electrical Power Company; Tokyo Gas; Environment Ministry Industry Ministry |,Cancelled / suspended,medium,contextual,Broader context only,,Broader gas case with LNG linkage,https://ejatlas.org/conflict/soga-coal-poer-chiba-japan,No additional coding note.
"Quezon coal fired power plant in Atimonan, Philippines",Philippines,Quezon,"Barangay Villa Ibaba, Atimonan Municipality, Quezon Province,",Port / logistics hub,Broader gas / LNG context,Broader LNG / environmental justice context,Air pollution; Global warming; Other Health impacts; Land dispossession | Loss of landscape/sense of place,Health / air pollution,Workers; Local residents,Meralco PowerGen; Quezon provincial legislative council Energy Regulatory Commission (ERC) |,Planned,strong,contextual,Broader context only,,Broader gas case with LNG linkage,https://ejatlas.org/conflict/quezon-coal-fired-power-plant-philippines,No additional coding note.
"Chevron's Gorgon gas extraction meet with labour unions' opposition, Australia",Australia,Western Australia,Barrow Island,Extraction / gas field,Broader gas / LNG context,Broader LNG / environmental justice context,"Occupational disease and accidents; Increase in Corruption/Co-optation of different actors | Lack of work security, labour absenteeism, firings, unemployment | Other socio-economic impacts | Unfair treatment of migrant labour",Health / air pollution,Indigenous communities; Workers; Local residents,Chevron Polska Energy Resources Sp. z o.o.,Under construction,strong,contextual,Broader context only,,Broader gas case with LNG linkage,https://ejatlas.org/conflict/chevron-operations-meet-with-protests-australia,No additional coding note.
"Opposition to oil&gas exploitation, New Zealand",New Zealand,Not specified clearly in live EJAtlas metadata.,Pegasus Basin,Port / logistics hub,Broader gas / LNG context,Broader LNG / environmental justice context,"Biodiversity loss (wildlife, agro-diversity); Soil contamination; Oil spills; Surface water pollution / Decreasing water (physico-chemical, biological) quality; Large-scale disturbance of hydro and geological systems; Loss of landscape/aesthetic degradation; Global warming; Accidents; Occupational disease and accidents; Lack of work security, labour absenteeism, firings, unemployment | Social problems (alcoholism, prostitution, etc..) | Increase in Corruption/Co-optation of different actors",Water / pollution,Workers; Local residents,Statoil; Chevron Polska Energy Resources Sp. z o.o.; Royal Dutch Shell,Planned,weak,contextual,Broader context only,,Broader gas case with LNG linkage,https://ejatlas.org/conflict/greenpeace-in-new-zealand,No additional coding note.
"Enel coal power plant in La Spezia, Italy",Italy,Liguria Region,Municipality of La Spezia,LNG terminal,Import / regasification,Broader LNG / environmental justice context,"Food insecurity (crop damage); Global warming; Air pollution; Biodiversity loss (wildlife, agro-diversity); Loss of landscape/aesthetic degradation; Noise pollution; Soil contamination; Waste overflow; Accidents; Exposure to unknown or uncertain complex risks (radiation, etc…); Mental problems including stress, depression and suicide; Occupational disease and accidents; Deaths; Other environmental related diseases; Other Health impacts; Loss of livelihood | Specific impacts on women | Loss of traditional knowledge/practices/cultures | Loss of landscape/sense of place",Health / air pollution,Fishing and coastal communities; Local residents; Women,"Enel ; Municipality and Province of Spezia, Municipality of Arcola, Region Liguria, Ministero dell’ambiente, ISPRA (Institute for Environmental Protection and Research ), ARPAL (Regional Agency for the environmental protection, Liguria), ASL5 (Helath local agency), ISS (National Institute of Health), Medical order of La Spezia |",Operating,strong,contextual,Broader context only,,Broader gas case with LNG linkage,https://ejatlas.org/conflict/enel-coal-power-plant-in-la-spezia,No additional coding note.
"Sakhalin-1 and -2 oil and gas development projects, Russia",Russia,Sakhalin Oblast,"Sakhalin island, offshore and onshore",Pipeline,Transit,Broader LNG / environmental justice context,"Biodiversity loss (wildlife, agro-diversity); Loss of livelihood | Loss of traditional knowledge/practices/cultures",Water / pollution,Indigenous communities; Fishing and coastal communities; Local residents,Royal Dutch Shell; ExxonMobil Corporation; Exxon Neftegas Limited; The European Bank for Reconstruction and Development ,Operating,strong,contextual,Broader context only,,Broader gas case with LNG linkage,https://ejatlas.org/conflict/sakhalin-1-and-2-oil-and-gas-development-projects,No additional coding note.
"Hassi R'Mel gas field, Algeria",Algeria,Laghouat Province,Hassi R'Mel,Extraction / gas field,Export / extraction,Direct EU supply / export-side context,"Groundwater pollution or depletion; Occupational disease and accidents; Lack of work security, labour absenteeism, firings, unemployment",Coastal / marine,Workers; Local residents,Sonatrach; Sonatrach |,Operating,strong,core,Keep in core article,,Broader gas case with LNG linkage,https://ejatlas.org/conflict/hassi-rmel-gas-field,No additional coding note.
"Exxon Mobil human rights abuses at oil fields and LNG project in Aceh, Indonesia",Indonesia,Aceh (official name: Nanggroe Aceh Darussalam),Arun,Extraction / gas field,Broader gas / LNG context,Broader LNG / environmental justice context,"Air pollution; Biodiversity loss (wildlife, agro-diversity); Loss of landscape/aesthetic degradation; Noise pollution; Soil contamination; Deforestation and loss of vegetation cover; Health problems related to alcoholism, prostitution; Violence related health impacts (homicides, rape, etc..) ; Deaths; Loss of livelihood | Militarization and increased police presence | Violations of human rights | Loss of landscape/sense of place | Increase in violence and crime | Land dispossession | Specific impacts on women",Coastal / marine,Local residents,"ExxonMobil Corporation; PT Arun; Ministry of Environment, Indonesia |",Operating,medium,contextual,Broader context only,,Direct LNG case,https://ejatlas.org/conflict/exxon-mobil-human-rights-abuses-in-aceh,No additional coding note.
"Bolivian “Gas war” and Pacific LNG, Bolivia",Bolivia,"Cochabamba, La Paz, Oruro","Cochabamba, La Paz, El Alto, Oruro",Liquefaction / export facility,Broader gas / LNG context,Broader LNG / environmental justice context,"Biodiversity loss (wildlife, agro-diversity); Fires; Global warming; Loss of landscape/aesthetic degradation; Soil contamination; Soil erosion; Oil spills; Deforestation and loss of vegetation cover; Surface water pollution / Decreasing water (physico-chemical, biological) quality; Groundwater pollution or depletion; Accidents; Mental problems including stress, depression and suicide; Malnutrition; Violence related health impacts (homicides, rape, etc..) ; Deaths; Other Health impacts; Displacement | Land dispossession | Increase in Corruption/Co-optation of different actors | Increase in violence and crime | Lack of work security, labour absenteeism, firings, unemployment | Loss of livelihood | Militarization and increased police presence | Violations of human rights",Indigenous rights / land,Indigenous communities; Workers; Local residents; Farmers,"Repsol; British Gas; Pan-American Energy; Union Texas; British Petroleum; Yacimientos Petrolíferos Fiscales Bolivianos; YPFB Yacimientos Petroleros Fiscales Bolivianos, Movimiento al Socialismo MAS | [object Object],[object Object],[object Object]",Cancelled / suspended,medium,contextual,Broader context only,,Direct LNG case,https://ejatlas.org/conflict/privatisation-of-natural-gas-pacific-lng-bolivia,No additional coding note.
"Castor Project Gas off-shore storage in Vinaròs, Spain",Spain,Castellón,Vinaròs,Pipeline,Transit,Broader LNG / environmental justice context,"Large-scale disturbance of hydro and geological systems; Exposure to unknown or uncertain complex risks (radiation, etc…); Increase in Corruption/Co-optation of different actors | Displacement | Loss of livelihood",Coastal / marine,Local residents,"Castor Limited Partnership; Dundee Energy Limited; Grupo ACS; Ministry of Industry, Vinarós Town council, Amposta Town Council, Benicàssim Town Council, European Comission | [object Object],[object Object],[object Object],[object Object],[object Object]",Cancelled / suspended,medium,contextual,Broader context only,,Broader gas / EJ case,https://ejatlas.org/conflict/castor-project-gas-off-shore-storage-in-vinaros-spain,No additional coding note.